[2026-09-09 19:06:56] production.ERROR: SQLSTATE[HY000] [1049] Unknown database 'ilbc_management' (Connection: mysql, SQL: select exists (select 1 from information_schema.tables where table_schema = 'ilbc_management' and table_name = 'migrations' and table_type in ('BASE TABLE', 'SYSTEM VERSIONED')) as `exists`) {"exception":"[object] (Illuminate\\Database\\QueryException(code: 1049): SQLSTATE[HY000] [1049] Unknown database 'ilbc_management' (Connection: mysql, SQL: select exists (select 1 from information_schema.tables where table_schema = 'ilbc_management' and table_name = 'migrations' and table_type in ('BASE TABLE', 'SYSTEM VERSIONED')) as `exists`) at G:/ilbc-management-system_7/vendor/laravel/framework/src/Illuminate/Database/Connection.php:825)
[stacktrace]
#0 G:/ilbc-management-system_7/vendor/laravel/framework/src/Illuminate/Database/Connection.php(779): Illuminate/Database/Connection->runQueryCallback('select exists (...', Array, Object(Closure))
#1 G:/ilbc-management-system_7/vendor/laravel/framework/src/Illuminate/Database/Connection.php(398): Illuminate/Database/Connection->run('select exists (...', Array, Object(Closure))
#2 G:/ilbc-management-system_7/vendor/laravel/framework/src/Illuminate/Database/Connection.php(344): Illuminate/Database/Connection->select('select exists (...', Array, true)
#3 G:/ilbc-management-system_7/vendor/laravel/framework/src/Illuminate/Database/Connection.php(361): Illuminate/Database/Connection->selectOne('select exists (...', Array, true)
#4 G:/ilbc-management-system_7/vendor/laravel/framework/src/Illuminate/Database/Schema/MySqlBuilder.php(45): Illuminate/Database/Connection->scalar('select exists (...')
#5 G:/ilbc-management-system_7/vendor/laravel/framework/src/Illuminate/Database/Migrations/DatabaseMigrationRepository.php(184): Illuminate/Database/Schema/MySqlBuilder->hasTable('migrations')
#6 G:/ilbc-management-system_7/vendor/laravel/framework/src/Illuminate/Database/Migrations/Migrator.php(742): Illuminate/Database/Migrations/DatabaseMigrationRepository->repositoryExists()
#7 G:/ilbc-management-system_7/vendor/laravel/framework/src/Illuminate/Database/Console/Migrations/FreshCommand.php(68): Illuminate/Database/Migrations/Migrator->repositoryExists()
#8 G:/ilbc-management-system_7/vendor/laravel/framework/src/Illuminate/Database/Migrations/Migrator.php(658): Illuminate/Database/Console/Migrations/FreshCommand->Illuminate/Database/Console/Migrations/{closure}()
#9 G:/ilbc-management-system_7/vendor/laravel/framework/src/Illuminate/Database/Console/Migrations/FreshCommand.php(67): Illuminate/Database/Migrations/Migrator->usingConnection(NULL, Object(Closure))
#10 G:/ilbc-management-system_7/vendor/laravel/framework/src/Illuminate/Container/BoundMethod.php(36): Illuminate/Database/Console/Migrations/FreshCommand->handle()
#11 G:/ilbc-management-system_7/vendor/laravel/framework/src/Illuminate/Container/Util.php(43): Illuminate/Container/BoundMethod::Illuminate/Container/{closure}()
#12 G:/ilbc-management-system_7/vendor/laravel/framework/src/Illuminate/Container/BoundMethod.php(95): Illuminate/Container/Util::unwrapIfClosure(Object(Closure))
#13 G:/ilbc-management-system_7/vendor/laravel/framework/src/Illuminate/Container/BoundMethod.php(35): Illuminate/Container/BoundMethod::callBoundMethod(Object(Illuminate/Foundation/Application), Array, Object(Closure))
#14 G:/ilbc-management-system_7/vendor/laravel/framework/src/Illuminate/Container/Container.php(696): Illuminate/Container/BoundMethod::call(Object(Illuminate/Foundation/Application), Array, Array, NULL)
#15 G:/ilbc-management-system_7/vendor/laravel/framework/src/Illuminate/Console/Command.php(213): Illuminate/Container/Container->call(Array)
#16 G:/ilbc-management-system_7/vendor/symfony/console/Command/Command.php(341): Illuminate/Console/Command->execute(Object(Symfony/Component/Console/Input/ArgvInput), Object(Illuminate/Console/OutputStyle))
#17 G:/ilbc-management-system_7/vendor/laravel/framework/src/Illuminate/Console/Command.php(182): Symfony/Component/Console/Command/Command->run(Object(Symfony/Component/Console/Input/ArgvInput), Object(Illuminate/Console/OutputStyle))
#18 G:/ilbc-management-system_7/vendor/symfony/console/Application.php(1117): Illuminate/Console/Command->run(Object(Symfony/Component/Console/Input/ArgvInput), Object(Symfony/Component/Console/Output/ConsoleOutput))
#19 G:/ilbc-management-system_7/vendor/symfony/console/Application.php(356): Symfony/Component/Console/Application->doRunCommand(Object(Illuminate/Database/Console/Migrations/FreshCommand), Object(Symfony/Component/Console/Input/ArgvInput), Object(Symfony/Component/Console/Output/ConsoleOutput))
#20 G:/ilbc-management-system_7/vendor/symfony/console/Application.php(195): Symfony/Component/Console/Application->doRun(Object(Symfony/Component/Console/Input/ArgvInput), Object(Symfony/Component/Console/Output/ConsoleOutput))
#21 G:/ilbc-management-system_7/vendor/laravel/framework/src/Illuminate/Foundation/Console/Kernel.php(198): Symfony/Component/Console/Application->run(Object(Symfony/Component/Console/Input/ArgvInput), Object(Symfony/Component/Console/Output/ConsoleOutput))
#22 G:/ilbc-management-system_7/vendor/laravel/framework/src/Illuminate/Foundation/Application.php(1235): Illuminate/Foundation/Console/Kernel->handle(Object(Symfony/Component/Console/Input/ArgvInput), Object(Symfony/Component/Console/Output/ConsoleOutput))
#23 G:/ilbc-management-system_7/artisan(16): Illuminate/Foundation/Application->handleCommand(Object(Symfony/Component/Console/Input/ArgvInput))
#24 {main}

[previous exception] [object] (PDOException(code: 1049): SQLSTATE[HY000] [1049] Unknown database 'ilbc_management' at G:/ilbc-management-system_7/vendor/laravel/framework/src/Illuminate/Database/Connectors/Connector.php:66)
[stacktrace]
#0 G:/ilbc-management-system_7/vendor/laravel/framework/src/Illuminate/Database/Connectors/Connector.php(66): PDO->__construct('mysql:host=127....', 'root', Object(SensitiveParameterValue), Array)
#1 G:/ilbc-management-system_7/vendor/laravel/framework/src/Illuminate/Database/Connectors/Connector.php(44): Illuminate/Database/Connectors/Connector->createPdoConnection('mysql:host=127....', 'root', Object(SensitiveParameterValue), Array)
#2 G:/ilbc-management-system_7/vendor/laravel/framework/src/Illuminate/Database/Connectors/MySqlConnector.php(24): Illuminate/Database/Connectors/Connector->createConnection('mysql:host=127....', Array, Array)
#3 G:/ilbc-management-system_7/vendor/laravel/framework/src/Illuminate/Database/Connectors/ConnectionFactory.php(185): Illuminate/Database/Connectors/MySqlConnector->connect(Array)
#4 [internal function]: Illuminate/Database/Connectors/ConnectionFactory->Illuminate/Database/Connectors/{closure}()
#5 G:/ilbc-management-system_7/vendor/laravel/framework/src/Illuminate/Database/Connection.php(1231): call_user_func(Object(Closure))
#6 G:/ilbc-management-system_7/vendor/laravel/framework/src/Illuminate/Database/Connection.php(1267): Illuminate/Database/Connection->getPdo()
#7 G:/ilbc-management-system_7/vendor/laravel/framework/src/Illuminate/Database/Connection.php(512): Illuminate/Database/Connection->getReadPdo()
#8 G:/ilbc-management-system_7/vendor/laravel/framework/src/Illuminate/Database/Connection.php(407): Illuminate/Database/Connection->getPdoForSelect(true)
#9 G:/ilbc-management-system_7/vendor/laravel/framework/src/Illuminate/Database/Connection.php(812): Illuminate/Database/Connection->Illuminate/Database/{closure}('select exists (...', Array)
#10 G:/ilbc-management-system_7/vendor/laravel/framework/src/Illuminate/Database/Connection.php(779): Illuminate/Database/Connection->runQueryCallback('select exists (...', Array, Object(Closure))
#11 G:/ilbc-management-system_7/vendor/laravel/framework/src/Illuminate/Database/Connection.php(398): Illuminate/Database/Connection->run('select exists (...', Array, Object(Closure))
#12 G:/ilbc-management-system_7/vendor/laravel/framework/src/Illuminate/Database/Connection.php(344): Illuminate/Database/Connection->select('select exists (...', Array, true)
#13 G:/ilbc-management-system_7/vendor/laravel/framework/src/Illuminate/Database/Connection.php(361): Illuminate/Database/Connection->selectOne('select exists (...', Array, true)
#14 G:/ilbc-management-system_7/vendor/laravel/framework/src/Illuminate/Database/Schema/MySqlBuilder.php(45): Illuminate/Database/Connection->scalar('select exists (...')
#15 G:/ilbc-management-system_7/vendor/laravel/framework/src/Illuminate/Database/Migrations/DatabaseMigrationRepository.php(184): Illuminate/Database/Schema/MySqlBuilder->hasTable('migrations')
#16 G:/ilbc-management-system_7/vendor/laravel/framework/src/Illuminate/Database/Migrations/Migrator.php(742): Illuminate/Database/Migrations/DatabaseMigrationRepository->repositoryExists()
#17 G:/ilbc-management-system_7/vendor/laravel/framework/src/Illuminate/Database/Console/Migrations/FreshCommand.php(68): Illuminate/Database/Migrations/Migrator->repositoryExists()
#18 G:/ilbc-management-system_7/vendor/laravel/framework/src/Illuminate/Database/Migrations/Migrator.php(658): Illuminate/Database/Console/Migrations/FreshCommand->Illuminate/Database/Console/Migrations/{closure}()
#19 G:/ilbc-management-system_7/vendor/laravel/framework/src/Illuminate/Database/Console/Migrations/FreshCommand.php(67): Illuminate/Database/Migrations/Migrator->usingConnection(NULL, Object(Closure))
#20 G:/ilbc-management-system_7/vendor/laravel/framework/src/Illuminate/Container/BoundMethod.php(36): Illuminate/Database/Console/Migrations/FreshCommand->handle()
#21 G:/ilbc-management-system_7/vendor/laravel/framework/src/Illuminate/Container/Util.php(43): Illuminate/Container/BoundMethod::Illuminate/Container/{closure}()
#22 G:/ilbc-management-system_7/vendor/laravel/framework/src/Illuminate/Container/BoundMethod.php(95): Illuminate/Container/Util::unwrapIfClosure(Object(Closure))
#23 G:/ilbc-management-system_7/vendor/laravel/framework/src/Illuminate/Container/BoundMethod.php(35): Illuminate/Container/BoundMethod::callBoundMethod(Object(Illuminate/Foundation/Application), Array, Object(Closure))
#24 G:/ilbc-management-system_7/vendor/laravel/framework/src/Illuminate/Container/Container.php(696): Illuminate/Container/BoundMethod::call(Object(Illuminate/Foundation/Application), Array, Array, NULL)
#25 G:/ilbc-management-system_7/vendor/laravel/framework/src/Illuminate/Console/Command.php(213): Illuminate/Container/Container->call(Array)
#26 G:/ilbc-management-system_7/vendor/symfony/console/Command/Command.php(341): Illuminate/Console/Command->execute(Object(Symfony/Component/Console/Input/ArgvInput), Object(Illuminate/Console/OutputStyle))
#27 G:/ilbc-management-system_7/vendor/laravel/framework/src/Illuminate/Console/Command.php(182): Symfony/Component/Console/Command/Command->run(Object(Symfony/Component/Console/Input/ArgvInput), Object(Illuminate/Console/OutputStyle))
#28 G:/ilbc-management-system_7/vendor/symfony/console/Application.php(1117): Illuminate/Console/Command->run(Object(Symfony/Component/Console/Input/ArgvInput), Object(Symfony/Component/Console/Output/ConsoleOutput))
#29 G:/ilbc-management-system_7/vendor/symfony/console/Application.php(356): Symfony/Component/Console/Application->doRunCommand(Object(Illuminate/Database/Console/Migrations/FreshCommand), Object(Symfony/Component/Console/Input/ArgvInput), Object(Symfony/Component/Console/Output/ConsoleOutput))
#30 G:/ilbc-management-system_7/vendor/symfony/console/Application.php(195): Symfony/Component/Console/Application->doRun(Object(Symfony/Component/Console/Input/ArgvInput), Object(Symfony/Component/Console/Output/ConsoleOutput))
#31 G:/ilbc-management-system_7/vendor/laravel/framework/src/Illuminate/Foundation/Console/Kernel.php(198): Symfony/Component/Console/Application->run(Object(Symfony/Component/Console/Input/ArgvInput), Object(Symfony/Component/Console/Output/ConsoleOutput))
#32 G:/ilbc-management-system_7/vendor/laravel/framework/src/Illuminate/Foundation/Application.php(1235): Illuminate/Foundation/Console/Kernel->handle(Object(Symfony/Component/Console/Input/ArgvInput), Object(Symfony/Component/Console/Output/ConsoleOutput))
#33 G:/ilbc-management-system_7/artisan(16): Illuminate/Foundation/Application->handleCommand(Object(Symfony/Component/Console/Input/ArgvInput))
#34 {main}
"} 
[2026-09-09 19:07:14] local.ERROR: SQLSTATE[HY000] [1049] Unknown database 'ilbc_management' (Connection: mysql, SQL: select exists (select 1 from information_schema.tables where table_schema = 'ilbc_management' and table_name = 'migrations' and table_type in ('BASE TABLE', 'SYSTEM VERSIONED')) as `exists`) {"exception":"[object] (Illuminate\\Database\\QueryException(code: 1049): SQLSTATE[HY000] [1049] Unknown database 'ilbc_management' (Connection: mysql, SQL: select exists (select 1 from information_schema.tables where table_schema = 'ilbc_management' and table_name = 'migrations' and table_type in ('BASE TABLE', 'SYSTEM VERSIONED')) as `exists`) at G:/ilbc-management-system_7/vendor/laravel/framework/src/Illuminate/Database/Connection.php:825)
[stacktrace]
#0 G:/ilbc-management-system_7/vendor/laravel/framework/src/Illuminate/Database/Connection.php(779): Illuminate/Database/Connection->runQueryCallback('select exists (...', Array, Object(Closure))
#1 G:/ilbc-management-system_7/vendor/laravel/framework/src/Illuminate/Database/Connection.php(398): Illuminate/Database/Connection->run('select exists (...', Array, Object(Closure))
#2 G:/ilbc-management-system_7/vendor/laravel/framework/src/Illuminate/Database/Connection.php(344): Illuminate/Database/Connection->select('select exists (...', Array, true)
#3 G:/ilbc-management-system_7/vendor/laravel/framework/src/Illuminate/Database/Connection.php(361): Illuminate/Database/Connection->selectOne('select exists (...', Array, true)
#4 G:/ilbc-management-system_7/vendor/laravel/framework/src/Illuminate/Database/Schema/MySqlBuilder.php(45): Illuminate/Database/Connection->scalar('select exists (...')
#5 G:/ilbc-management-system_7/vendor/laravel/framework/src/Illuminate/Database/Migrations/DatabaseMigrationRepository.php(184): Illuminate/Database/Schema/MySqlBuilder->hasTable('migrations')
#6 G:/ilbc-management-system_7/vendor/laravel/framework/src/Illuminate/Database/Migrations/Migrator.php(742): Illuminate/Database/Migrations/DatabaseMigrationRepository->repositoryExists()
#7 G:/ilbc-management-system_7/vendor/laravel/framework/src/Illuminate/Database/Console/Migrations/FreshCommand.php(68): Illuminate/Database/Migrations/Migrator->repositoryExists()
#8 G:/ilbc-management-system_7/vendor/laravel/framework/src/Illuminate/Database/Migrations/Migrator.php(658): Illuminate/Database/Console/Migrations/FreshCommand->Illuminate/Database/Console/Migrations/{closure}()
#9 G:/ilbc-management-system_7/vendor/laravel/framework/src/Illuminate/Database/Console/Migrations/FreshCommand.php(67): Illuminate/Database/Migrations/Migrator->usingConnection(NULL, Object(Closure))
#10 G:/ilbc-management-system_7/vendor/laravel/framework/src/Illuminate/Container/BoundMethod.php(36): Illuminate/Database/Console/Migrations/FreshCommand->handle()
#11 G:/ilbc-management-system_7/vendor/laravel/framework/src/Illuminate/Container/Util.php(43): Illuminate/Container/BoundMethod::Illuminate/Container/{closure}()
#12 G:/ilbc-management-system_7/vendor/laravel/framework/src/Illuminate/Container/BoundMethod.php(95): Illuminate/Container/Util::unwrapIfClosure(Object(Closure))
#13 G:/ilbc-management-system_7/vendor/laravel/framework/src/Illuminate/Container/BoundMethod.php(35): Illuminate/Container/BoundMethod::callBoundMethod(Object(Illuminate/Foundation/Application), Array, Object(Closure))
#14 G:/ilbc-management-system_7/vendor/laravel/framework/src/Illuminate/Container/Container.php(696): Illuminate/Container/BoundMethod::call(Object(Illuminate/Foundation/Application), Array, Array, NULL)
#15 G:/ilbc-management-system_7/vendor/laravel/framework/src/Illuminate/Console/Command.php(213): Illuminate/Container/Container->call(Array)
#16 G:/ilbc-management-system_7/vendor/symfony/console/Command/Command.php(341): Illuminate/Console/Command->execute(Object(Symfony/Component/Console/Input/ArgvInput), Object(Illuminate/Console/OutputStyle))
#17 G:/ilbc-management-system_7/vendor/laravel/framework/src/Illuminate/Console/Command.php(182): Symfony/Component/Console/Command/Command->run(Object(Symfony/Component/Console/Input/ArgvInput), Object(Illuminate/Console/OutputStyle))
#18 G:/ilbc-management-system_7/vendor/symfony/console/Application.php(1117): Illuminate/Console/Command->run(Object(Symfony/Component/Console/Input/ArgvInput), Object(Symfony/Component/Console/Output/ConsoleOutput))
#19 G:/ilbc-management-system_7/vendor/symfony/console/Application.php(356): Symfony/Component/Console/Application->doRunCommand(Object(Illuminate/Database/Console/Migrations/FreshCommand), Object(Symfony/Component/Console/Input/ArgvInput), Object(Symfony/Component/Console/Output/ConsoleOutput))
#20 G:/ilbc-management-system_7/vendor/symfony/console/Application.php(195): Symfony/Component/Console/Application->doRun(Object(Symfony/Component/Console/Input/ArgvInput), Object(Symfony/Component/Console/Output/ConsoleOutput))
#21 G:/ilbc-management-system_7/vendor/laravel/framework/src/Illuminate/Foundation/Console/Kernel.php(198): Symfony/Component/Console/Application->run(Object(Symfony/Component/Console/Input/ArgvInput), Object(Symfony/Component/Console/Output/ConsoleOutput))
#22 G:/ilbc-management-system_7/vendor/laravel/framework/src/Illuminate/Foundation/Application.php(1235): Illuminate/Foundation/Console/Kernel->handle(Object(Symfony/Component/Console/Input/ArgvInput), Object(Symfony/Component/Console/Output/ConsoleOutput))
#23 G:/ilbc-management-system_7/artisan(16): Illuminate/Foundation/Application->handleCommand(Object(Symfony/Component/Console/Input/ArgvInput))
#24 {main}

[previous exception] [object] (PDOException(code: 1049): SQLSTATE[HY000] [1049] Unknown database 'ilbc_management' at G:/ilbc-management-system_7/vendor/laravel/framework/src/Illuminate/Database/Connectors/Connector.php:66)
[stacktrace]
#0 G:/ilbc-management-system_7/vendor/laravel/framework/src/Illuminate/Database/Connectors/Connector.php(66): PDO->__construct('mysql:host=127....', 'root', Object(SensitiveParameterValue), Array)
#1 G:/ilbc-management-system_7/vendor/laravel/framework/src/Illuminate/Database/Connectors/Connector.php(44): Illuminate/Database/Connectors/Connector->createPdoConnection('mysql:host=127....', 'root', Object(SensitiveParameterValue), Array)
#2 G:/ilbc-management-system_7/vendor/laravel/framework/src/Illuminate/Database/Connectors/MySqlConnector.php(24): Illuminate/Database/Connectors/Connector->createConnection('mysql:host=127....', Array, Array)
#3 G:/ilbc-management-system_7/vendor/laravel/framework/src/Illuminate/Database/Connectors/ConnectionFactory.php(185): Illuminate/Database/Connectors/MySqlConnector->connect(Array)
#4 [internal function]: Illuminate/Database/Connectors/ConnectionFactory->Illuminate/Database/Connectors/{closure}()
#5 G:/ilbc-management-system_7/vendor/laravel/framework/src/Illuminate/Database/Connection.php(1231): call_user_func(Object(Closure))
#6 G:/ilbc-management-system_7/vendor/laravel/framework/src/Illuminate/Database/Connection.php(1267): Illuminate/Database/Connection->getPdo()
#7 G:/ilbc-management-system_7/vendor/laravel/framework/src/Illuminate/Database/Connection.php(512): Illuminate/Database/Connection->getReadPdo()
#8 G:/ilbc-management-system_7/vendor/laravel/framework/src/Illuminate/Database/Connection.php(407): Illuminate/Database/Connection->getPdoForSelect(true)
#9 G:/ilbc-management-system_7/vendor/laravel/framework/src/Illuminate/Database/Connection.php(812): Illuminate/Database/Connection->Illuminate/Database/{closure}('select exists (...', Array)
#10 G:/ilbc-management-system_7/vendor/laravel/framework/src/Illuminate/Database/Connection.php(779): Illuminate/Database/Connection->runQueryCallback('select exists (...', Array, Object(Closure))
#11 G:/ilbc-management-system_7/vendor/laravel/framework/src/Illuminate/Database/Connection.php(398): Illuminate/Database/Connection->run('select exists (...', Array, Object(Closure))
#12 G:/ilbc-management-system_7/vendor/laravel/framework/src/Illuminate/Database/Connection.php(344): Illuminate/Database/Connection->select('select exists (...', Array, true)
#13 G:/ilbc-management-system_7/vendor/laravel/framework/src/Illuminate/Database/Connection.php(361): Illuminate/Database/Connection->selectOne('select exists (...', Array, true)
#14 G:/ilbc-management-system_7/vendor/laravel/framework/src/Illuminate/Database/Schema/MySqlBuilder.php(45): Illuminate/Database/Connection->scalar('select exists (...')
#15 G:/ilbc-management-system_7/vendor/laravel/framework/src/Illuminate/Database/Migrations/DatabaseMigrationRepository.php(184): Illuminate/Database/Schema/MySqlBuilder->hasTable('migrations')
#16 G:/ilbc-management-system_7/vendor/laravel/framework/src/Illuminate/Database/Migrations/Migrator.php(742): Illuminate/Database/Migrations/DatabaseMigrationRepository->repositoryExists()
#17 G:/ilbc-management-system_7/vendor/laravel/framework/src/Illuminate/Database/Console/Migrations/FreshCommand.php(68): Illuminate/Database/Migrations/Migrator->repositoryExists()
#18 G:/ilbc-management-system_7/vendor/laravel/framework/src/Illuminate/Database/Migrations/Migrator.php(658): Illuminate/Database/Console/Migrations/FreshCommand->Illuminate/Database/Console/Migrations/{closure}()
#19 G:/ilbc-management-system_7/vendor/laravel/framework/src/Illuminate/Database/Console/Migrations/FreshCommand.php(67): Illuminate/Database/Migrations/Migrator->usingConnection(NULL, Object(Closure))
#20 G:/ilbc-management-system_7/vendor/laravel/framework/src/Illuminate/Container/BoundMethod.php(36): Illuminate/Database/Console/Migrations/FreshCommand->handle()
#21 G:/ilbc-management-system_7/vendor/laravel/framework/src/Illuminate/Container/Util.php(43): Illuminate/Container/BoundMethod::Illuminate/Container/{closure}()
#22 G:/ilbc-management-system_7/vendor/laravel/framework/src/Illuminate/Container/BoundMethod.php(95): Illuminate/Container/Util::unwrapIfClosure(Object(Closure))
#23 G:/ilbc-management-system_7/vendor/laravel/framework/src/Illuminate/Container/BoundMethod.php(35): Illuminate/Container/BoundMethod::callBoundMethod(Object(Illuminate/Foundation/Application), Array, Object(Closure))
#24 G:/ilbc-management-system_7/vendor/laravel/framework/src/Illuminate/Container/Container.php(696): Illuminate/Container/BoundMethod::call(Object(Illuminate/Foundation/Application), Array, Array, NULL)
#25 G:/ilbc-management-system_7/vendor/laravel/framework/src/Illuminate/Console/Command.php(213): Illuminate/Container/Container->call(Array)
#26 G:/ilbc-management-system_7/vendor/symfony/console/Command/Command.php(341): Illuminate/Console/Command->execute(Object(Symfony/Component/Console/Input/ArgvInput), Object(Illuminate/Console/OutputStyle))
#27 G:/ilbc-management-system_7/vendor/laravel/framework/src/Illuminate/Console/Command.php(182): Symfony/Component/Console/Command/Command->run(Object(Symfony/Component/Console/Input/ArgvInput), Object(Illuminate/Console/OutputStyle))
#28 G:/ilbc-management-system_7/vendor/symfony/console/Application.php(1117): Illuminate/Console/Command->run(Object(Symfony/Component/Console/Input/ArgvInput), Object(Symfony/Component/Console/Output/ConsoleOutput))
#29 G:/ilbc-management-system_7/vendor/symfony/console/Application.php(356): Symfony/Component/Console/Application->doRunCommand(Object(Illuminate/Database/Console/Migrations/FreshCommand), Object(Symfony/Component/Console/Input/ArgvInput), Object(Symfony/Component/Console/Output/ConsoleOutput))
#30 G:/ilbc-management-system_7/vendor/symfony/console/Application.php(195): Symfony/Component/Console/Application->doRun(Object(Symfony/Component/Console/Input/ArgvInput), Object(Symfony/Component/Console/Output/ConsoleOutput))
#31 G:/ilbc-management-system_7/vendor/laravel/framework/src/Illuminate/Foundation/Console/Kernel.php(198): Symfony/Component/Console/Application->run(Object(Symfony/Component/Console/Input/ArgvInput), Object(Symfony/Component/Console/Output/ConsoleOutput))
#32 G:/ilbc-management-system_7/vendor/laravel/framework/src/Illuminate/Foundation/Application.php(1235): Illuminate/Foundation/Console/Kernel->handle(Object(Symfony/Component/Console/Input/ArgvInput), Object(Symfony/Component/Console/Output/ConsoleOutput))
#33 G:/ilbc-management-system_7/artisan(16): Illuminate/Foundation/Application->handleCommand(Object(Symfony/Component/Console/Input/ArgvInput))
#34 {main}
"} 
[2026-09-09 19:07:29] local.ERROR: SQLSTATE[HY000] [2002] No connection could be made because the target machine actively refused it (Connection: mysql, SQL: create table `migrations` (`id` int unsigned not null auto_increment primary key, `migration` varchar(255) not null, `batch` int not null) default character set utf8mb4 collate 'utf8mb4_unicode_ci') {"exception":"[object] (Illuminate\\Database\\QueryException(code: 2002): SQLSTATE[HY000] [2002] No connection could be made because the target machine actively refused it (Connection: mysql, SQL: create table `migrations` (`id` int unsigned not null auto_increment primary key, `migration` varchar(255) not null, `batch` int not null) default character set utf8mb4 collate 'utf8mb4_unicode_ci') at G:/ilbc-management-system_7/vendor/laravel/framework/src/Illuminate/Database/Connection.php:825)
[stacktrace]
#0 G:/ilbc-management-system_7/vendor/laravel/framework/src/Illuminate/Database/Connection.php(979): Illuminate/Database/Connection->runQueryCallback('create table `m...', Array, Object(Closure))
#1 G:/ilbc-management-system_7/vendor/laravel/framework/src/Illuminate/Database/Connection.php(958): Illuminate/Database/Connection->tryAgainIfCausedByLostConnection(Object(Illuminate/Database/QueryException), 'create table `m...', Array, Object(Closure))
#2 G:/ilbc-management-system_7/vendor/laravel/framework/src/Illuminate/Database/Connection.php(781): Illuminate/Database/Connection->handleQueryException(Object(Illuminate/Database/QueryException), 'create table `m...', Array, Object(Closure))
#3 G:/ilbc-management-system_7/vendor/laravel/framework/src/Illuminate/Database/Connection.php(560): Illuminate/Database/Connection->run('create table `m...', Array, Object(Closure))
#4 G:/ilbc-management-system_7/vendor/laravel/framework/src/Illuminate/Database/Schema/Blueprint.php(118): Illuminate/Database/Connection->statement('create table `m...')
#5 G:/ilbc-management-system_7/vendor/laravel/framework/src/Illuminate/Database/Schema/Builder.php(564): Illuminate/Database/Schema/Blueprint->build(Object(Illuminate/Database/MySqlConnection), Object(Illuminate/Database/Schema/Grammars/MySqlGrammar))
#6 G:/ilbc-management-system_7/vendor/laravel/framework/src/Illuminate/Database/Schema/Builder.php(418): Illuminate/Database/Schema/Builder->build(Object(Illuminate/Database/Schema/Blueprint))
#7 G:/ilbc-management-system_7/vendor/laravel/framework/src/Illuminate/Database/Migrations/DatabaseMigrationRepository.php(165): Illuminate/Database/Schema/Builder->create('migrations', Object(Closure))
#8 G:/ilbc-management-system_7/vendor/laravel/framework/src/Illuminate/Database/Console/Migrations/InstallCommand.php(56): Illuminate/Database/Migrations/DatabaseMigrationRepository->createRepository()
#9 G:/ilbc-management-system_7/vendor/laravel/framework/src/Illuminate/Container/BoundMethod.php(36): Illuminate/Database/Console/Migrations/InstallCommand->handle()
#10 G:/ilbc-management-system_7/vendor/laravel/framework/src/Illuminate/Container/Util.php(43): Illuminate/Container/BoundMethod::Illuminate/Container/{closure}()
#11 G:/ilbc-management-system_7/vendor/laravel/framework/src/Illuminate/Container/BoundMethod.php(95): Illuminate/Container/Util::unwrapIfClosure(Object(Closure))
#12 G:/ilbc-management-system_7/vendor/laravel/framework/src/Illuminate/Container/BoundMethod.php(35): Illuminate/Container/BoundMethod::callBoundMethod(Object(Illuminate/Foundation/Application), Array, Object(Closure))
#13 G:/ilbc-management-system_7/vendor/laravel/framework/src/Illuminate/Container/Container.php(696): Illuminate/Container/BoundMethod::call(Object(Illuminate/Foundation/Application), Array, Array, NULL)
#14 G:/ilbc-management-system_7/vendor/laravel/framework/src/Illuminate/Console/Command.php(213): Illuminate/Container/Container->call(Array)
#15 G:/ilbc-management-system_7/vendor/symfony/console/Command/Command.php(341): Illuminate/Console/Command->execute(Object(Symfony/Component/Console/Input/ArrayInput), Object(Illuminate/Console/OutputStyle))
#16 G:/ilbc-management-system_7/vendor/laravel/framework/src/Illuminate/Console/Command.php(182): Symfony/Component/Console/Command/Command->run(Object(Symfony/Component/Console/Input/ArrayInput), Object(Illuminate/Console/OutputStyle))
#17 G:/ilbc-management-system_7/vendor/laravel/framework/src/Illuminate/Console/Concerns/CallsCommands.php(68): Illuminate/Console/Command->run(Object(Symfony/Component/Console/Input/ArrayInput), Object(Symfony/Component/Console/Output/NullOutput))
#18 G:/ilbc-management-system_7/vendor/laravel/framework/src/Illuminate/Console/Concerns/CallsCommands.php(41): Illuminate/Console/Command->runCommand('migrate:install', Array, Object(Symfony/Component/Console/Output/NullOutput))
#19 G:/ilbc-management-system_7/vendor/laravel/framework/src/Illuminate/Database/Console/Migrations/MigrateCommand.php(145): Illuminate/Console/Command->callSilent('migrate:install', Array)
#20 G:/ilbc-management-system_7/vendor/laravel/framework/src/Illuminate/Console/View/Components/Task.php(40): Illuminate/Database/Console/Migrations/MigrateCommand->Illuminate/Database/Console/Migrations/{closure}()
#21 G:/ilbc-management-system_7/vendor/laravel/framework/src/Illuminate/Console/View/Components/Factory.php(60): Illuminate/Console/View/Components/Task->render('Creating migrat...', Object(Closure))
#22 G:/ilbc-management-system_7/vendor/laravel/framework/src/Illuminate/Database/Console/Migrations/MigrateCommand.php(144): Illuminate/Console/View/Components/Factory->__call('task', Array)
#23 G:/ilbc-management-system_7/vendor/laravel/framework/src/Illuminate/Database/Console/Migrations/MigrateCommand.php(111): Illuminate/Database/Console/Migrations/MigrateCommand->prepareDatabase()
#24 G:/ilbc-management-system_7/vendor/laravel/framework/src/Illuminate/Database/Migrations/Migrator.php(658): Illuminate/Database/Console/Migrations/MigrateCommand->Illuminate/Database/Console/Migrations/{closure}()
#25 G:/ilbc-management-system_7/vendor/laravel/framework/src/Illuminate/Database/Console/Migrations/MigrateCommand.php(110): Illuminate/Database/Migrations/Migrator->usingConnection(NULL, Object(Closure))
#26 G:/ilbc-management-system_7/vendor/laravel/framework/src/Illuminate/Database/Console/Migrations/MigrateCommand.php(89): Illuminate/Database/Console/Migrations/MigrateCommand->runMigrations()
#27 G:/ilbc-management-system_7/vendor/laravel/framework/src/Illuminate/Container/BoundMethod.php(36): Illuminate/Database/Console/Migrations/MigrateCommand->handle()
#28 G:/ilbc-management-system_7/vendor/laravel/framework/src/Illuminate/Container/Util.php(43): Illuminate/Container/BoundMethod::Illuminate/Container/{closure}()
#29 G:/ilbc-management-system_7/vendor/laravel/framework/src/Illuminate/Container/BoundMethod.php(95): Illuminate/Container/Util::unwrapIfClosure(Object(Closure))
#30 G:/ilbc-management-system_7/vendor/laravel/framework/src/Illuminate/Container/BoundMethod.php(35): Illuminate/Container/BoundMethod::callBoundMethod(Object(Illuminate/Foundation/Application), Array, Object(Closure))
#31 G:/ilbc-management-system_7/vendor/laravel/framework/src/Illuminate/Container/Container.php(696): Illuminate/Container/BoundMethod::call(Object(Illuminate/Foundation/Application), Array, Array, NULL)
#32 G:/ilbc-management-system_7/vendor/laravel/framework/src/Illuminate/Console/Command.php(213): Illuminate/Container/Container->call(Array)
#33 G:/ilbc-management-system_7/vendor/symfony/console/Command/Command.php(341): Illuminate/Console/Command->execute(Object(Symfony/Component/Console/Input/ArgvInput), Object(Illuminate/Console/OutputStyle))
#34 G:/ilbc-management-system_7/vendor/laravel/framework/src/Illuminate/Console/Command.php(182): Symfony/Component/Console/Command/Command->run(Object(Symfony/Component/Console/Input/ArgvInput), Object(Illuminate/Console/OutputStyle))
#35 G:/ilbc-management-system_7/vendor/symfony/console/Application.php(1117): Illuminate/Console/Command->run(Object(Symfony/Component/Console/Input/ArgvInput), Object(Symfony/Component/Console/Output/ConsoleOutput))
#36 G:/ilbc-management-system_7/vendor/symfony/console/Application.php(356): Symfony/Component/Console/Application->doRunCommand(Object(Illuminate/Database/Console/Migrations/MigrateCommand), Object(Symfony/Component/Console/Input/ArgvInput), Object(Symfony/Component/Console/Output/ConsoleOutput))
#37 G:/ilbc-management-system_7/vendor/symfony/console/Application.php(195): Symfony/Component/Console/Application->doRun(Object(Symfony/Component/Console/Input/ArgvInput), Object(Symfony/Component/Console/Output/ConsoleOutput))
#38 G:/ilbc-management-system_7/vendor/laravel/framework/src/Illuminate/Foundation/Console/Kernel.php(198): Symfony/Component/Console/Application->run(Object(Symfony/Component/Console/Input/ArgvInput), Object(Symfony/Component/Console/Output/ConsoleOutput))
#39 G:/ilbc-management-system_7/vendor/laravel/framework/src/Illuminate/Foundation/Application.php(1235): Illuminate/Foundation/Console/Kernel->handle(Object(Symfony/Component/Console/Input/ArgvInput), Object(Symfony/Component/Console/Output/ConsoleOutput))
#40 G:/ilbc-management-system_7/artisan(16): Illuminate/Foundation/Application->handleCommand(Object(Symfony/Component/Console/Input/ArgvInput))
#41 {main}

[previous exception] [object] (PDOException(code: 2002): SQLSTATE[HY000] [2002] No connection could be made because the target machine actively refused it at G:/ilbc-management-system_7/vendor/laravel/framework/src/Illuminate/Database/Connectors/Connector.php:66)
[stacktrace]
#0 G:/ilbc-management-system_7/vendor/laravel/framework/src/Illuminate/Database/Connectors/Connector.php(66): PDO->__construct('mysql:host=127....', 'root', Object(SensitiveParameterValue), Array)
#1 G:/ilbc-management-system_7/vendor/laravel/framework/src/Illuminate/Database/Connectors/Connector.php(85): Illuminate/Database/Connectors/Connector->createPdoConnection('mysql:host=127....', 'root', Object(SensitiveParameterValue), Array)
#2 G:/ilbc-management-system_7/vendor/laravel/framework/src/Illuminate/Database/Connectors/Connector.php(48): Illuminate/Database/Connectors/Connector->tryAgainIfCausedByLostConnection(Object(PDOException), 'mysql:host=127....', 'root', Object(SensitiveParameterValue), Array)
#3 G:/ilbc-management-system_7/vendor/laravel/framework/src/Illuminate/Database/Connectors/MySqlConnector.php(24): Illuminate/Database/Connectors/Connector->createConnection('mysql:host=127....', Array, Array)
#4 G:/ilbc-management-system_7/vendor/laravel/framework/src/Illuminate/Database/Connectors/ConnectionFactory.php(185): Illuminate/Database/Connectors/MySqlConnector->connect(Array)
#5 [internal function]: Illuminate/Database/Connectors/ConnectionFactory->Illuminate/Database/Connectors/{closure}()
#6 G:/ilbc-management-system_7/vendor/laravel/framework/src/Illuminate/Database/Connection.php(1231): call_user_func(Object(Closure))
#7 G:/ilbc-management-system_7/vendor/laravel/framework/src/Illuminate/Database/Connection.php(565): Illuminate/Database/Connection->getPdo()
#8 G:/ilbc-management-system_7/vendor/laravel/framework/src/Illuminate/Database/Connection.php(812): Illuminate/Database/Connection->Illuminate/Database/{closure}('create table `m...', Array)
#9 G:/ilbc-management-system_7/vendor/laravel/framework/src/Illuminate/Database/Connection.php(979): Illuminate/Database/Connection->runQueryCallback('create table `m...', Array, Object(Closure))
#10 G:/ilbc-management-system_7/vendor/laravel/framework/src/Illuminate/Database/Connection.php(958): Illuminate/Database/Connection->tryAgainIfCausedByLostConnection(Object(Illuminate/Database/QueryException), 'create table `m...', Array, Object(Closure))
#11 G:/ilbc-management-system_7/vendor/laravel/framework/src/Illuminate/Database/Connection.php(781): Illuminate/Database/Connection->handleQueryException(Object(Illuminate/Database/QueryException), 'create table `m...', Array, Object(Closure))
#12 G:/ilbc-management-system_7/vendor/laravel/framework/src/Illuminate/Database/Connection.php(560): Illuminate/Database/Connection->run('create table `m...', Array, Object(Closure))
#13 G:/ilbc-management-system_7/vendor/laravel/framework/src/Illuminate/Database/Schema/Blueprint.php(118): Illuminate/Database/Connection->statement('create table `m...')
#14 G:/ilbc-management-system_7/vendor/laravel/framework/src/Illuminate/Database/Schema/Builder.php(564): Illuminate/Database/Schema/Blueprint->build(Object(Illuminate/Database/MySqlConnection), Object(Illuminate/Database/Schema/Grammars/MySqlGrammar))
#15 G:/ilbc-management-system_7/vendor/laravel/framework/src/Illuminate/Database/Schema/Builder.php(418): Illuminate/Database/Schema/Builder->build(Object(Illuminate/Database/Schema/Blueprint))
#16 G:/ilbc-management-system_7/vendor/laravel/framework/src/Illuminate/Database/Migrations/DatabaseMigrationRepository.php(165): Illuminate/Database/Schema/Builder->create('migrations', Object(Closure))
#17 G:/ilbc-management-system_7/vendor/laravel/framework/src/Illuminate/Database/Console/Migrations/InstallCommand.php(56): Illuminate/Database/Migrations/DatabaseMigrationRepository->createRepository()
#18 G:/ilbc-management-system_7/vendor/laravel/framework/src/Illuminate/Container/BoundMethod.php(36): Illuminate/Database/Console/Migrations/InstallCommand->handle()
#19 G:/ilbc-management-system_7/vendor/laravel/framework/src/Illuminate/Container/Util.php(43): Illuminate/Container/BoundMethod::Illuminate/Container/{closure}()
#20 G:/ilbc-management-system_7/vendor/laravel/framework/src/Illuminate/Container/BoundMethod.php(95): Illuminate/Container/Util::unwrapIfClosure(Object(Closure))
#21 G:/ilbc-management-system_7/vendor/laravel/framework/src/Illuminate/Container/BoundMethod.php(35): Illuminate/Container/BoundMethod::callBoundMethod(Object(Illuminate/Foundation/Application), Array, Object(Closure))
#22 G:/ilbc-management-system_7/vendor/laravel/framework/src/Illuminate/Container/Container.php(696): Illuminate/Container/BoundMethod::call(Object(Illuminate/Foundation/Application), Array, Array, NULL)
#23 G:/ilbc-management-system_7/vendor/laravel/framework/src/Illuminate/Console/Command.php(213): Illuminate/Container/Container->call(Array)
#24 G:/ilbc-management-system_7/vendor/symfony/console/Command/Command.php(341): Illuminate/Console/Command->execute(Object(Symfony/Component/Console/Input/ArrayInput), Object(Illuminate/Console/OutputStyle))
#25 G:/ilbc-management-system_7/vendor/laravel/framework/src/Illuminate/Console/Command.php(182): Symfony/Component/Console/Command/Command->run(Object(Symfony/Component/Console/Input/ArrayInput), Object(Illuminate/Console/OutputStyle))
#26 G:/ilbc-management-system_7/vendor/laravel/framework/src/Illuminate/Console/Concerns/CallsCommands.php(68): Illuminate/Console/Command->run(Object(Symfony/Component/Console/Input/ArrayInput), Object(Symfony/Component/Console/Output/NullOutput))
#27 G:/ilbc-management-system_7/vendor/laravel/framework/src/Illuminate/Console/Concerns/CallsCommands.php(41): Illuminate/Console/Command->runCommand('migrate:install', Array, Object(Symfony/Component/Console/Output/NullOutput))
#28 G:/ilbc-management-system_7/vendor/laravel/framework/src/Illuminate/Database/Console/Migrations/MigrateCommand.php(145): Illuminate/Console/Command->callSilent('migrate:install', Array)
#29 G:/ilbc-management-system_7/vendor/laravel/framework/src/Illuminate/Console/View/Components/Task.php(40): Illuminate/Database/Console/Migrations/MigrateCommand->Illuminate/Database/Console/Migrations/{closure}()
#30 G:/ilbc-management-system_7/vendor/laravel/framework/src/Illuminate/Console/View/Components/Factory.php(60): Illuminate/Console/View/Components/Task->render('Creating migrat...', Object(Closure))
#31 G:/ilbc-management-system_7/vendor/laravel/framework/src/Illuminate/Database/Console/Migrations/MigrateCommand.php(144): Illuminate/Console/View/Components/Factory->__call('task', Array)
#32 G:/ilbc-management-system_7/vendor/laravel/framework/src/Illuminate/Database/Console/Migrations/MigrateCommand.php(111): Illuminate/Database/Console/Migrations/MigrateCommand->prepareDatabase()
#33 G:/ilbc-management-system_7/vendor/laravel/framework/src/Illuminate/Database/Migrations/Migrator.php(658): Illuminate/Database/Console/Migrations/MigrateCommand->Illuminate/Database/Console/Migrations/{closure}()
#34 G:/ilbc-management-system_7/vendor/laravel/framework/src/Illuminate/Database/Console/Migrations/MigrateCommand.php(110): Illuminate/Database/Migrations/Migrator->usingConnection(NULL, Object(Closure))
#35 G:/ilbc-management-system_7/vendor/laravel/framework/src/Illuminate/Database/Console/Migrations/MigrateCommand.php(89): Illuminate/Database/Console/Migrations/MigrateCommand->runMigrations()
#36 G:/ilbc-management-system_7/vendor/laravel/framework/src/Illuminate/Container/BoundMethod.php(36): Illuminate/Database/Console/Migrations/MigrateCommand->handle()
#37 G:/ilbc-management-system_7/vendor/laravel/framework/src/Illuminate/Container/Util.php(43): Illuminate/Container/BoundMethod::Illuminate/Container/{closure}()
#38 G:/ilbc-management-system_7/vendor/laravel/framework/src/Illuminate/Container/BoundMethod.php(95): Illuminate/Container/Util::unwrapIfClosure(Object(Closure))
#39 G:/ilbc-management-system_7/vendor/laravel/framework/src/Illuminate/Container/BoundMethod.php(35): Illuminate/Container/BoundMethod::callBoundMethod(Object(Illuminate/Foundation/Application), Array, Object(Closure))
#40 G:/ilbc-management-system_7/vendor/laravel/framework/src/Illuminate/Container/Container.php(696): Illuminate/Container/BoundMethod::call(Object(Illuminate/Foundation/Application), Array, Array, NULL)
#41 G:/ilbc-management-system_7/vendor/laravel/framework/src/Illuminate/Console/Command.php(213): Illuminate/Container/Container->call(Array)
#42 G:/ilbc-management-system_7/vendor/symfony/console/Command/Command.php(341): Illuminate/Console/Command->execute(Object(Symfony/Component/Console/Input/ArgvInput), Object(Illuminate/Console/OutputStyle))
#43 G:/ilbc-management-system_7/vendor/laravel/framework/src/Illuminate/Console/Command.php(182): Symfony/Component/Console/Command/Command->run(Object(Symfony/Component/Console/Input/ArgvInput), Object(Illuminate/Console/OutputStyle))
#44 G:/ilbc-management-system_7/vendor/symfony/console/Application.php(1117): Illuminate/Console/Command->run(Object(Symfony/Component/Console/Input/ArgvInput), Object(Symfony/Component/Console/Output/ConsoleOutput))
#45 G:/ilbc-management-system_7/vendor/symfony/console/Application.php(356): Symfony/Component/Console/Application->doRunCommand(Object(Illuminate/Database/Console/Migrations/MigrateCommand), Object(Symfony/Component/Console/Input/ArgvInput), Object(Symfony/Component/Console/Output/ConsoleOutput))
#46 G:/ilbc-management-system_7/vendor/symfony/console/Application.php(195): Symfony/Component/Console/Application->doRun(Object(Symfony/Component/Console/Input/ArgvInput), Object(Symfony/Component/Console/Output/ConsoleOutput))
#47 G:/ilbc-management-system_7/vendor/laravel/framework/src/Illuminate/Foundation/Console/Kernel.php(198): Symfony/Component/Console/Application->run(Object(Symfony/Component/Console/Input/ArgvInput), Object(Symfony/Component/Console/Output/ConsoleOutput))
#48 G:/ilbc-management-system_7/vendor/laravel/framework/src/Illuminate/Foundation/Application.php(1235): Illuminate/Foundation/Console/Kernel->handle(Object(Symfony/Component/Console/Input/ArgvInput), Object(Symfony/Component/Console/Output/ConsoleOutput))
#49 G:/ilbc-management-system_7/artisan(16): Illuminate/Foundation/Application->handleCommand(Object(Symfony/Component/Console/Input/ArgvInput))
#50 {main}
"} 
[2026-09-09 19:07:55] local.ERROR: SQLSTATE[42S02]: Base table or view not found: 1932 Table 'ilbc_management.migrations' doesn't exist in engine (Connection: mysql, SQL: select `migration` from `migrations` order by `batch` asc, `migration` asc) {"exception":"[object] (Illuminate\\Database\\QueryException(code: 42S02): SQLSTATE[42S02]: Base table or view not found: 1932 Table 'ilbc_management.migrations' doesn't exist in engine (Connection: mysql, SQL: select `migration` from `migrations` order by `batch` asc, `migration` asc) at G:/ilbc-management-system_7/vendor/laravel/framework/src/Illuminate/Database/Connection.php:825)
[stacktrace]
#0 G:/ilbc-management-system_7/vendor/laravel/framework/src/Illuminate/Database/Connection.php(779): Illuminate/Database/Connection->runQueryCallback('select `migrati...', Array, Object(Closure))
#1 G:/ilbc-management-system_7/vendor/laravel/framework/src/Illuminate/Database/Connection.php(398): Illuminate/Database/Connection->run('select `migrati...', Array, Object(Closure))
#2 G:/ilbc-management-system_7/vendor/laravel/framework/src/Illuminate/Database/Query/Builder.php(3106): Illuminate/Database/Connection->select('select `migrati...', Array, false)
#3 G:/ilbc-management-system_7/vendor/laravel/framework/src/Illuminate/Database/Query/Builder.php(3362): Illuminate/Database/Query/Builder->runSelect()
#4 G:/ilbc-management-system_7/vendor/laravel/framework/src/Illuminate/Database/Query/Builder.php(3676): Illuminate/Database/Query/Builder->Illuminate/Database/Query/{closure}()
#5 G:/ilbc-management-system_7/vendor/laravel/framework/src/Illuminate/Database/Query/Builder.php(3358): Illuminate/Database/Query/Builder->onceWithColumns(Array, Object(Closure))
#6 G:/ilbc-management-system_7/vendor/laravel/framework/src/Illuminate/Database/Migrations/DatabaseMigrationRepository.php(53): Illuminate/Database/Query/Builder->pluck('migration')
#7 G:/ilbc-management-system_7/vendor/laravel/framework/src/Illuminate/Database/Migrations/Migrator.php(752): Illuminate/Database/Migrations/DatabaseMigrationRepository->getRan()
#8 G:/ilbc-management-system_7/vendor/laravel/framework/src/Illuminate/Database/Console/Migrations/MigrateCommand.php(153): Illuminate/Database/Migrations/Migrator->hasRunAnyMigrations()
#9 G:/ilbc-management-system_7/vendor/laravel/framework/src/Illuminate/Database/Console/Migrations/MigrateCommand.php(111): Illuminate/Database/Console/Migrations/MigrateCommand->prepareDatabase()
#10 G:/ilbc-management-system_7/vendor/laravel/framework/src/Illuminate/Database/Migrations/Migrator.php(658): Illuminate/Database/Console/Migrations/MigrateCommand->Illuminate/Database/Console/Migrations/{closure}()
#11 G:/ilbc-management-system_7/vendor/laravel/framework/src/Illuminate/Database/Console/Migrations/MigrateCommand.php(110): Illuminate/Database/Migrations/Migrator->usingConnection(NULL, Object(Closure))
#12 G:/ilbc-management-system_7/vendor/laravel/framework/src/Illuminate/Database/Console/Migrations/MigrateCommand.php(89): Illuminate/Database/Console/Migrations/MigrateCommand->runMigrations()
#13 G:/ilbc-management-system_7/vendor/laravel/framework/src/Illuminate/Container/BoundMethod.php(36): Illuminate/Database/Console/Migrations/MigrateCommand->handle()
#14 G:/ilbc-management-system_7/vendor/laravel/framework/src/Illuminate/Container/Util.php(43): Illuminate/Container/BoundMethod::Illuminate/Container/{closure}()
#15 G:/ilbc-management-system_7/vendor/laravel/framework/src/Illuminate/Container/BoundMethod.php(95): Illuminate/Container/Util::unwrapIfClosure(Object(Closure))
#16 G:/ilbc-management-system_7/vendor/laravel/framework/src/Illuminate/Container/BoundMethod.php(35): Illuminate/Container/BoundMethod::callBoundMethod(Object(Illuminate/Foundation/Application), Array, Object(Closure))
#17 G:/ilbc-management-system_7/vendor/laravel/framework/src/Illuminate/Container/Container.php(696): Illuminate/Container/BoundMethod::call(Object(Illuminate/Foundation/Application), Array, Array, NULL)
#18 G:/ilbc-management-system_7/vendor/laravel/framework/src/Illuminate/Console/Command.php(213): Illuminate/Container/Container->call(Array)
#19 G:/ilbc-management-system_7/vendor/symfony/console/Command/Command.php(341): Illuminate/Console/Command->execute(Object(Symfony/Component/Console/Input/ArgvInput), Object(Illuminate/Console/OutputStyle))
#20 G:/ilbc-management-system_7/vendor/laravel/framework/src/Illuminate/Console/Command.php(182): Symfony/Component/Console/Command/Command->run(Object(Symfony/Component/Console/Input/ArgvInput), Object(Illuminate/Console/OutputStyle))
#21 G:/ilbc-management-system_7/vendor/symfony/console/Application.php(1117): Illuminate/Console/Command->run(Object(Symfony/Component/Console/Input/ArgvInput), Object(Symfony/Component/Console/Output/ConsoleOutput))
#22 G:/ilbc-management-system_7/vendor/symfony/console/Application.php(356): Symfony/Component/Console/Application->doRunCommand(Object(Illuminate/Database/Console/Migrations/MigrateCommand), Object(Symfony/Component/Console/Input/ArgvInput), Object(Symfony/Component/Console/Output/ConsoleOutput))
#23 G:/ilbc-management-system_7/vendor/symfony/console/Application.php(195): Symfony/Component/Console/Application->doRun(Object(Symfony/Component/Console/Input/ArgvInput), Object(Symfony/Component/Console/Output/ConsoleOutput))
#24 G:/ilbc-management-system_7/vendor/laravel/framework/src/Illuminate/Foundation/Console/Kernel.php(198): Symfony/Component/Console/Application->run(Object(Symfony/Component/Console/Input/ArgvInput), Object(Symfony/Component/Console/Output/ConsoleOutput))
#25 G:/ilbc-management-system_7/vendor/laravel/framework/src/Illuminate/Foundation/Application.php(1235): Illuminate/Foundation/Console/Kernel->handle(Object(Symfony/Component/Console/Input/ArgvInput), Object(Symfony/Component/Console/Output/ConsoleOutput))
#26 G:/ilbc-management-system_7/artisan(16): Illuminate/Foundation/Application->handleCommand(Object(Symfony/Component/Console/Input/ArgvInput))
#27 {main}

[previous exception] [object] (PDOException(code: 42S02): SQLSTATE[42S02]: Base table or view not found: 1932 Table 'ilbc_management.migrations' doesn't exist in engine at G:/ilbc-management-system_7/vendor/laravel/framework/src/Illuminate/Database/Connection.php:407)
[stacktrace]
#0 G:/ilbc-management-system_7/vendor/laravel/framework/src/Illuminate/Database/Connection.php(407): PDO->prepare('select `migrati...')
#1 G:/ilbc-management-system_7/vendor/laravel/framework/src/Illuminate/Database/Connection.php(812): Illuminate/Database/Connection->Illuminate/Database/{closure}('select `migrati...', Array)
#2 G:/ilbc-management-system_7/vendor/laravel/framework/src/Illuminate/Database/Connection.php(779): Illuminate/Database/Connection->runQueryCallback('select `migrati...', Array, Object(Closure))
#3 G:/ilbc-management-system_7/vendor/laravel/framework/src/Illuminate/Database/Connection.php(398): Illuminate/Database/Connection->run('select `migrati...', Array, Object(Closure))
#4 G:/ilbc-management-system_7/vendor/laravel/framework/src/Illuminate/Database/Query/Builder.php(3106): Illuminate/Database/Connection->select('select `migrati...', Array, false)
#5 G:/ilbc-management-system_7/vendor/laravel/framework/src/Illuminate/Database/Query/Builder.php(3362): Illuminate/Database/Query/Builder->runSelect()
#6 G:/ilbc-management-system_7/vendor/laravel/framework/src/Illuminate/Database/Query/Builder.php(3676): Illuminate/Database/Query/Builder->Illuminate/Database/Query/{closure}()
#7 G:/ilbc-management-system_7/vendor/laravel/framework/src/Illuminate/Database/Query/Builder.php(3358): Illuminate/Database/Query/Builder->onceWithColumns(Array, Object(Closure))
#8 G:/ilbc-management-system_7/vendor/laravel/framework/src/Illuminate/Database/Migrations/DatabaseMigrationRepository.php(53): Illuminate/Database/Query/Builder->pluck('migration')
#9 G:/ilbc-management-system_7/vendor/laravel/framework/src/Illuminate/Database/Migrations/Migrator.php(752): Illuminate/Database/Migrations/DatabaseMigrationRepository->getRan()
#10 G:/ilbc-management-system_7/vendor/laravel/framework/src/Illuminate/Database/Console/Migrations/MigrateCommand.php(153): Illuminate/Database/Migrations/Migrator->hasRunAnyMigrations()
#11 G:/ilbc-management-system_7/vendor/laravel/framework/src/Illuminate/Database/Console/Migrations/MigrateCommand.php(111): Illuminate/Database/Console/Migrations/MigrateCommand->prepareDatabase()
#12 G:/ilbc-management-system_7/vendor/laravel/framework/src/Illuminate/Database/Migrations/Migrator.php(658): Illuminate/Database/Console/Migrations/MigrateCommand->Illuminate/Database/Console/Migrations/{closure}()
#13 G:/ilbc-management-system_7/vendor/laravel/framework/src/Illuminate/Database/Console/Migrations/MigrateCommand.php(110): Illuminate/Database/Migrations/Migrator->usingConnection(NULL, Object(Closure))
#14 G:/ilbc-management-system_7/vendor/laravel/framework/src/Illuminate/Database/Console/Migrations/MigrateCommand.php(89): Illuminate/Database/Console/Migrations/MigrateCommand->runMigrations()
#15 G:/ilbc-management-system_7/vendor/laravel/framework/src/Illuminate/Container/BoundMethod.php(36): Illuminate/Database/Console/Migrations/MigrateCommand->handle()
#16 G:/ilbc-management-system_7/vendor/laravel/framework/src/Illuminate/Container/Util.php(43): Illuminate/Container/BoundMethod::Illuminate/Container/{closure}()
#17 G:/ilbc-management-system_7/vendor/laravel/framework/src/Illuminate/Container/BoundMethod.php(95): Illuminate/Container/Util::unwrapIfClosure(Object(Closure))
#18 G:/ilbc-management-system_7/vendor/laravel/framework/src/Illuminate/Container/BoundMethod.php(35): Illuminate/Container/BoundMethod::callBoundMethod(Object(Illuminate/Foundation/Application), Array, Object(Closure))
#19 G:/ilbc-management-system_7/vendor/laravel/framework/src/Illuminate/Container/Container.php(696): Illuminate/Container/BoundMethod::call(Object(Illuminate/Foundation/Application), Array, Array, NULL)
#20 G:/ilbc-management-system_7/vendor/laravel/framework/src/Illuminate/Console/Command.php(213): Illuminate/Container/Container->call(Array)
#21 G:/ilbc-management-system_7/vendor/symfony/console/Command/Command.php(341): Illuminate/Console/Command->execute(Object(Symfony/Component/Console/Input/ArgvInput), Object(Illuminate/Console/OutputStyle))
#22 G:/ilbc-management-system_7/vendor/laravel/framework/src/Illuminate/Console/Command.php(182): Symfony/Component/Console/Command/Command->run(Object(Symfony/Component/Console/Input/ArgvInput), Object(Illuminate/Console/OutputStyle))
#23 G:/ilbc-management-system_7/vendor/symfony/console/Application.php(1117): Illuminate/Console/Command->run(Object(Symfony/Component/Console/Input/ArgvInput), Object(Symfony/Component/Console/Output/ConsoleOutput))
#24 G:/ilbc-management-system_7/vendor/symfony/console/Application.php(356): Symfony/Component/Console/Application->doRunCommand(Object(Illuminate/Database/Console/Migrations/MigrateCommand), Object(Symfony/Component/Console/Input/ArgvInput), Object(Symfony/Component/Console/Output/ConsoleOutput))
#25 G:/ilbc-management-system_7/vendor/symfony/console/Application.php(195): Symfony/Component/Console/Application->doRun(Object(Symfony/Component/Console/Input/ArgvInput), Object(Symfony/Component/Console/Output/ConsoleOutput))
#26 G:/ilbc-management-system_7/vendor/laravel/framework/src/Illuminate/Foundation/Console/Kernel.php(198): Symfony/Component/Console/Application->run(Object(Symfony/Component/Console/Input/ArgvInput), Object(Symfony/Component/Console/Output/ConsoleOutput))
#27 G:/ilbc-management-system_7/vendor/laravel/framework/src/Illuminate/Foundation/Application.php(1235): Illuminate/Foundation/Console/Kernel->handle(Object(Symfony/Component/Console/Input/ArgvInput), Object(Symfony/Component/Console/Output/ConsoleOutput))
#28 G:/ilbc-management-system_7/artisan(16): Illuminate/Foundation/Application->handleCommand(Object(Symfony/Component/Console/Input/ArgvInput))
#29 {main}
"} 
[2026-09-09 19:08:11] local.ERROR: SQLSTATE[HY000]: General error: 1813 Tablespace for table '`ilbc_management`.`migrations`' exists. Please DISCARD the tablespace before IMPORT (Connection: mysql, SQL: create table `migrations` (`id` int unsigned not null auto_increment primary key, `migration` varchar(255) not null, `batch` int not null) default character set utf8mb4 collate 'utf8mb4_unicode_ci') {"exception":"[object] (Illuminate\\Database\\QueryException(code: HY000): SQLSTATE[HY000]: General error: 1813 Tablespace for table '`ilbc_management`.`migrations`' exists. Please DISCARD the tablespace before IMPORT (Connection: mysql, SQL: create table `migrations` (`id` int unsigned not null auto_increment primary key, `migration` varchar(255) not null, `batch` int not null) default character set utf8mb4 collate 'utf8mb4_unicode_ci') at G:/ilbc-management-system_7/vendor/laravel/framework/src/Illuminate/Database/Connection.php:825)
[stacktrace]
#0 G:/ilbc-management-system_7/vendor/laravel/framework/src/Illuminate/Database/Connection.php(779): Illuminate/Database/Connection->runQueryCallback('create table `m...', Array, Object(Closure))
#1 G:/ilbc-management-system_7/vendor/laravel/framework/src/Illuminate/Database/Connection.php(560): Illuminate/Database/Connection->run('create table `m...', Array, Object(Closure))
#2 G:/ilbc-management-system_7/vendor/laravel/framework/src/Illuminate/Database/Schema/Blueprint.php(118): Illuminate/Database/Connection->statement('create table `m...')
#3 G:/ilbc-management-system_7/vendor/laravel/framework/src/Illuminate/Database/Schema/Builder.php(564): Illuminate/Database/Schema/Blueprint->build(Object(Illuminate/Database/MySqlConnection), Object(Illuminate/Database/Schema/Grammars/MySqlGrammar))
#4 G:/ilbc-management-system_7/vendor/laravel/framework/src/Illuminate/Database/Schema/Builder.php(418): Illuminate/Database/Schema/Builder->build(Object(Illuminate/Database/Schema/Blueprint))
#5 G:/ilbc-management-system_7/vendor/laravel/framework/src/Illuminate/Database/Migrations/DatabaseMigrationRepository.php(165): Illuminate/Database/Schema/Builder->create('migrations', Object(Closure))
#6 G:/ilbc-management-system_7/vendor/laravel/framework/src/Illuminate/Database/Console/Migrations/InstallCommand.php(56): Illuminate/Database/Migrations/DatabaseMigrationRepository->createRepository()
#7 G:/ilbc-management-system_7/vendor/laravel/framework/src/Illuminate/Container/BoundMethod.php(36): Illuminate/Database/Console/Migrations/InstallCommand->handle()
#8 G:/ilbc-management-system_7/vendor/laravel/framework/src/Illuminate/Container/Util.php(43): Illuminate/Container/BoundMethod::Illuminate/Container/{closure}()
#9 G:/ilbc-management-system_7/vendor/laravel/framework/src/Illuminate/Container/BoundMethod.php(95): Illuminate/Container/Util::unwrapIfClosure(Object(Closure))
#10 G:/ilbc-management-system_7/vendor/laravel/framework/src/Illuminate/Container/BoundMethod.php(35): Illuminate/Container/BoundMethod::callBoundMethod(Object(Illuminate/Foundation/Application), Array, Object(Closure))
#11 G:/ilbc-management-system_7/vendor/laravel/framework/src/Illuminate/Container/Container.php(696): Illuminate/Container/BoundMethod::call(Object(Illuminate/Foundation/Application), Array, Array, NULL)
#12 G:/ilbc-management-system_7/vendor/laravel/framework/src/Illuminate/Console/Command.php(213): Illuminate/Container/Container->call(Array)
#13 G:/ilbc-management-system_7/vendor/symfony/console/Command/Command.php(341): Illuminate/Console/Command->execute(Object(Symfony/Component/Console/Input/ArrayInput), Object(Illuminate/Console/OutputStyle))
#14 G:/ilbc-management-system_7/vendor/laravel/framework/src/Illuminate/Console/Command.php(182): Symfony/Component/Console/Command/Command->run(Object(Symfony/Component/Console/Input/ArrayInput), Object(Illuminate/Console/OutputStyle))
#15 G:/ilbc-management-system_7/vendor/laravel/framework/src/Illuminate/Console/Concerns/CallsCommands.php(68): Illuminate/Console/Command->run(Object(Symfony/Component/Console/Input/ArrayInput), Object(Symfony/Component/Console/Output/NullOutput))
#16 G:/ilbc-management-system_7/vendor/laravel/framework/src/Illuminate/Console/Concerns/CallsCommands.php(41): Illuminate/Console/Command->runCommand('migrate:install', Array, Object(Symfony/Component/Console/Output/NullOutput))
#17 G:/ilbc-management-system_7/vendor/laravel/framework/src/Illuminate/Database/Console/Migrations/MigrateCommand.php(145): Illuminate/Console/Command->callSilent('migrate:install', Array)
#18 G:/ilbc-management-system_7/vendor/laravel/framework/src/Illuminate/Console/View/Components/Task.php(40): Illuminate/Database/Console/Migrations/MigrateCommand->Illuminate/Database/Console/Migrations/{closure}()
#19 G:/ilbc-management-system_7/vendor/laravel/framework/src/Illuminate/Console/View/Components/Factory.php(60): Illuminate/Console/View/Components/Task->render('Creating migrat...', Object(Closure))
#20 G:/ilbc-management-system_7/vendor/laravel/framework/src/Illuminate/Database/Console/Migrations/MigrateCommand.php(144): Illuminate/Console/View/Components/Factory->__call('task', Array)
#21 G:/ilbc-management-system_7/vendor/laravel/framework/src/Illuminate/Database/Console/Migrations/MigrateCommand.php(111): Illuminate/Database/Console/Migrations/MigrateCommand->prepareDatabase()
#22 G:/ilbc-management-system_7/vendor/laravel/framework/src/Illuminate/Database/Migrations/Migrator.php(658): Illuminate/Database/Console/Migrations/MigrateCommand->Illuminate/Database/Console/Migrations/{closure}()
#23 G:/ilbc-management-system_7/vendor/laravel/framework/src/Illuminate/Database/Console/Migrations/MigrateCommand.php(110): Illuminate/Database/Migrations/Migrator->usingConnection(NULL, Object(Closure))
#24 G:/ilbc-management-system_7/vendor/laravel/framework/src/Illuminate/Database/Console/Migrations/MigrateCommand.php(89): Illuminate/Database/Console/Migrations/MigrateCommand->runMigrations()
#25 G:/ilbc-management-system_7/vendor/laravel/framework/src/Illuminate/Container/BoundMethod.php(36): Illuminate/Database/Console/Migrations/MigrateCommand->handle()
#26 G:/ilbc-management-system_7/vendor/laravel/framework/src/Illuminate/Container/Util.php(43): Illuminate/Container/BoundMethod::Illuminate/Container/{closure}()
#27 G:/ilbc-management-system_7/vendor/laravel/framework/src/Illuminate/Container/BoundMethod.php(95): Illuminate/Container/Util::unwrapIfClosure(Object(Closure))
#28 G:/ilbc-management-system_7/vendor/laravel/framework/src/Illuminate/Container/BoundMethod.php(35): Illuminate/Container/BoundMethod::callBoundMethod(Object(Illuminate/Foundation/Application), Array, Object(Closure))
#29 G:/ilbc-management-system_7/vendor/laravel/framework/src/Illuminate/Container/Container.php(696): Illuminate/Container/BoundMethod::call(Object(Illuminate/Foundation/Application), Array, Array, NULL)
#30 G:/ilbc-management-system_7/vendor/laravel/framework/src/Illuminate/Console/Command.php(213): Illuminate/Container/Container->call(Array)
#31 G:/ilbc-management-system_7/vendor/symfony/console/Command/Command.php(341): Illuminate/Console/Command->execute(Object(Symfony/Component/Console/Input/ArrayInput), Object(Illuminate/Console/OutputStyle))
#32 G:/ilbc-management-system_7/vendor/laravel/framework/src/Illuminate/Console/Command.php(182): Symfony/Component/Console/Command/Command->run(Object(Symfony/Component/Console/Input/ArrayInput), Object(Illuminate/Console/OutputStyle))
#33 G:/ilbc-management-system_7/vendor/laravel/framework/src/Illuminate/Console/Concerns/CallsCommands.php(68): Illuminate/Console/Command->run(Object(Symfony/Component/Console/Input/ArrayInput), Object(Illuminate/Console/OutputStyle))
#34 G:/ilbc-management-system_7/vendor/laravel/framework/src/Illuminate/Console/Concerns/CallsCommands.php(29): Illuminate/Console/Command->runCommand('migrate', Array, Object(Illuminate/Console/OutputStyle))
#35 G:/ilbc-management-system_7/vendor/laravel/framework/src/Illuminate/Database/Console/Migrations/FreshCommand.php(82): Illuminate/Console/Command->call('migrate', Array)
#36 G:/ilbc-management-system_7/vendor/laravel/framework/src/Illuminate/Container/BoundMethod.php(36): Illuminate/Database/Console/Migrations/FreshCommand->handle()
#37 G:/ilbc-management-system_7/vendor/laravel/framework/src/Illuminate/Container/Util.php(43): Illuminate/Container/BoundMethod::Illuminate/Container/{closure}()
#38 G:/ilbc-management-system_7/vendor/laravel/framework/src/Illuminate/Container/BoundMethod.php(95): Illuminate/Container/Util::unwrapIfClosure(Object(Closure))
#39 G:/ilbc-management-system_7/vendor/laravel/framework/src/Illuminate/Container/BoundMethod.php(35): Illuminate/Container/BoundMethod::callBoundMethod(Object(Illuminate/Foundation/Application), Array, Object(Closure))
#40 G:/ilbc-management-system_7/vendor/laravel/framework/src/Illuminate/Container/Container.php(696): Illuminate/Container/BoundMethod::call(Object(Illuminate/Foundation/Application), Array, Array, NULL)
#41 G:/ilbc-management-system_7/vendor/laravel/framework/src/Illuminate/Console/Command.php(213): Illuminate/Container/Container->call(Array)
#42 G:/ilbc-management-system_7/vendor/symfony/console/Command/Command.php(341): Illuminate/Console/Command->execute(Object(Symfony/Component/Console/Input/ArgvInput), Object(Illuminate/Console/OutputStyle))
#43 G:/ilbc-management-system_7/vendor/laravel/framework/src/Illuminate/Console/Command.php(182): Symfony/Component/Console/Command/Command->run(Object(Symfony/Component/Console/Input/ArgvInput), Object(Illuminate/Console/OutputStyle))
#44 G:/ilbc-management-system_7/vendor/symfony/console/Application.php(1117): Illuminate/Console/Command->run(Object(Symfony/Component/Console/Input/ArgvInput), Object(Symfony/Component/Console/Output/ConsoleOutput))
#45 G:/ilbc-management-system_7/vendor/symfony/console/Application.php(356): Symfony/Component/Console/Application->doRunCommand(Object(Illuminate/Database/Console/Migrations/FreshCommand), Object(Symfony/Component/Console/Input/ArgvInput), Object(Symfony/Component/Console/Output/ConsoleOutput))
#46 G:/ilbc-management-system_7/vendor/symfony/console/Application.php(195): Symfony/Component/Console/Application->doRun(Object(Symfony/Component/Console/Input/ArgvInput), Object(Symfony/Component/Console/Output/ConsoleOutput))
#47 G:/ilbc-management-system_7/vendor/laravel/framework/src/Illuminate/Foundation/Console/Kernel.php(198): Symfony/Component/Console/Application->run(Object(Symfony/Component/Console/Input/ArgvInput), Object(Symfony/Component/Console/Output/ConsoleOutput))
#48 G:/ilbc-management-system_7/vendor/laravel/framework/src/Illuminate/Foundation/Application.php(1235): Illuminate/Foundation/Console/Kernel->handle(Object(Symfony/Component/Console/Input/ArgvInput), Object(Symfony/Component/Console/Output/ConsoleOutput))
#49 G:/ilbc-management-system_7/artisan(16): Illuminate/Foundation/Application->handleCommand(Object(Symfony/Component/Console/Input/ArgvInput))
#50 {main}

[previous exception] [object] (PDOException(code: HY000): SQLSTATE[HY000]: General error: 1813 Tablespace for table '`ilbc_management`.`migrations`' exists. Please DISCARD the tablespace before IMPORT at G:/ilbc-management-system_7/vendor/laravel/framework/src/Illuminate/Database/Connection.php:571)
[stacktrace]
#0 G:/ilbc-management-system_7/vendor/laravel/framework/src/Illuminate/Database/Connection.php(571): PDOStatement->execute()
#1 G:/ilbc-management-system_7/vendor/laravel/framework/src/Illuminate/Database/Connection.php(812): Illuminate/Database/Connection->Illuminate/Database/{closure}('create table `m...', Array)
#2 G:/ilbc-management-system_7/vendor/laravel/framework/src/Illuminate/Database/Connection.php(779): Illuminate/Database/Connection->runQueryCallback('create table `m...', Array, Object(Closure))
#3 G:/ilbc-management-system_7/vendor/laravel/framework/src/Illuminate/Database/Connection.php(560): Illuminate/Database/Connection->run('create table `m...', Array, Object(Closure))
#4 G:/ilbc-management-system_7/vendor/laravel/framework/src/Illuminate/Database/Schema/Blueprint.php(118): Illuminate/Database/Connection->statement('create table `m...')
#5 G:/ilbc-management-system_7/vendor/laravel/framework/src/Illuminate/Database/Schema/Builder.php(564): Illuminate/Database/Schema/Blueprint->build(Object(Illuminate/Database/MySqlConnection), Object(Illuminate/Database/Schema/Grammars/MySqlGrammar))
#6 G:/ilbc-management-system_7/vendor/laravel/framework/src/Illuminate/Database/Schema/Builder.php(418): Illuminate/Database/Schema/Builder->build(Object(Illuminate/Database/Schema/Blueprint))
#7 G:/ilbc-management-system_7/vendor/laravel/framework/src/Illuminate/Database/Migrations/DatabaseMigrationRepository.php(165): Illuminate/Database/Schema/Builder->create('migrations', Object(Closure))
#8 G:/ilbc-management-system_7/vendor/laravel/framework/src/Illuminate/Database/Console/Migrations/InstallCommand.php(56): Illuminate/Database/Migrations/DatabaseMigrationRepository->createRepository()
#9 G:/ilbc-management-system_7/vendor/laravel/framework/src/Illuminate/Container/BoundMethod.php(36): Illuminate/Database/Console/Migrations/InstallCommand->handle()
#10 G:/ilbc-management-system_7/vendor/laravel/framework/src/Illuminate/Container/Util.php(43): Illuminate/Container/BoundMethod::Illuminate/Container/{closure}()
#11 G:/ilbc-management-system_7/vendor/laravel/framework/src/Illuminate/Container/BoundMethod.php(95): Illuminate/Container/Util::unwrapIfClosure(Object(Closure))
#12 G:/ilbc-management-system_7/vendor/laravel/framework/src/Illuminate/Container/BoundMethod.php(35): Illuminate/Container/BoundMethod::callBoundMethod(Object(Illuminate/Foundation/Application), Array, Object(Closure))
#13 G:/ilbc-management-system_7/vendor/laravel/framework/src/Illuminate/Container/Container.php(696): Illuminate/Container/BoundMethod::call(Object(Illuminate/Foundation/Application), Array, Array, NULL)
#14 G:/ilbc-management-system_7/vendor/laravel/framework/src/Illuminate/Console/Command.php(213): Illuminate/Container/Container->call(Array)
#15 G:/ilbc-management-system_7/vendor/symfony/console/Command/Command.php(341): Illuminate/Console/Command->execute(Object(Symfony/Component/Console/Input/ArrayInput), Object(Illuminate/Console/OutputStyle))
#16 G:/ilbc-management-system_7/vendor/laravel/framework/src/Illuminate/Console/Command.php(182): Symfony/Component/Console/Command/Command->run(Object(Symfony/Component/Console/Input/ArrayInput), Object(Illuminate/Console/OutputStyle))
#17 G:/ilbc-management-system_7/vendor/laravel/framework/src/Illuminate/Console/Concerns/CallsCommands.php(68): Illuminate/Console/Command->run(Object(Symfony/Component/Console/Input/ArrayInput), Object(Symfony/Component/Console/Output/NullOutput))
#18 G:/ilbc-management-system_7/vendor/laravel/framework/src/Illuminate/Console/Concerns/CallsCommands.php(41): Illuminate/Console/Command->runCommand('migrate:install', Array, Object(Symfony/Component/Console/Output/NullOutput))
#19 G:/ilbc-management-system_7/vendor/laravel/framework/src/Illuminate/Database/Console/Migrations/MigrateCommand.php(145): Illuminate/Console/Command->callSilent('migrate:install', Array)
#20 G:/ilbc-management-system_7/vendor/laravel/framework/src/Illuminate/Console/View/Components/Task.php(40): Illuminate/Database/Console/Migrations/MigrateCommand->Illuminate/Database/Console/Migrations/{closure}()
#21 G:/ilbc-management-system_7/vendor/laravel/framework/src/Illuminate/Console/View/Components/Factory.php(60): Illuminate/Console/View/Components/Task->render('Creating migrat...', Object(Closure))
#22 G:/ilbc-management-system_7/vendor/laravel/framework/src/Illuminate/Database/Console/Migrations/MigrateCommand.php(144): Illuminate/Console/View/Components/Factory->__call('task', Array)
#23 G:/ilbc-management-system_7/vendor/laravel/framework/src/Illuminate/Database/Console/Migrations/MigrateCommand.php(111): Illuminate/Database/Console/Migrations/MigrateCommand->prepareDatabase()
#24 G:/ilbc-management-system_7/vendor/laravel/framework/src/Illuminate/Database/Migrations/Migrator.php(658): Illuminate/Database/Console/Migrations/MigrateCommand->Illuminate/Database/Console/Migrations/{closure}()
#25 G:/ilbc-management-system_7/vendor/laravel/framework/src/Illuminate/Database/Console/Migrations/MigrateCommand.php(110): Illuminate/Database/Migrations/Migrator->usingConnection(NULL, Object(Closure))
#26 G:/ilbc-management-system_7/vendor/laravel/framework/src/Illuminate/Database/Console/Migrations/MigrateCommand.php(89): Illuminate/Database/Console/Migrations/MigrateCommand->runMigrations()
#27 G:/ilbc-management-system_7/vendor/laravel/framework/src/Illuminate/Container/BoundMethod.php(36): Illuminate/Database/Console/Migrations/MigrateCommand->handle()
#28 G:/ilbc-management-system_7/vendor/laravel/framework/src/Illuminate/Container/Util.php(43): Illuminate/Container/BoundMethod::Illuminate/Container/{closure}()
#29 G:/ilbc-management-system_7/vendor/laravel/framework/src/Illuminate/Container/BoundMethod.php(95): Illuminate/Container/Util::unwrapIfClosure(Object(Closure))
#30 G:/ilbc-management-system_7/vendor/laravel/framework/src/Illuminate/Container/BoundMethod.php(35): Illuminate/Container/BoundMethod::callBoundMethod(Object(Illuminate/Foundation/Application), Array, Object(Closure))
#31 G:/ilbc-management-system_7/vendor/laravel/framework/src/Illuminate/Container/Container.php(696): Illuminate/Container/BoundMethod::call(Object(Illuminate/Foundation/Application), Array, Array, NULL)
#32 G:/ilbc-management-system_7/vendor/laravel/framework/src/Illuminate/Console/Command.php(213): Illuminate/Container/Container->call(Array)
#33 G:/ilbc-management-system_7/vendor/symfony/console/Command/Command.php(341): Illuminate/Console/Command->execute(Object(Symfony/Component/Console/Input/ArrayInput), Object(Illuminate/Console/OutputStyle))
#34 G:/ilbc-management-system_7/vendor/laravel/framework/src/Illuminate/Console/Command.php(182): Symfony/Component/Console/Command/Command->run(Object(Symfony/Component/Console/Input/ArrayInput), Object(Illuminate/Console/OutputStyle))
#35 G:/ilbc-management-system_7/vendor/laravel/framework/src/Illuminate/Console/Concerns/CallsCommands.php(68): Illuminate/Console/Command->run(Object(Symfony/Component/Console/Input/ArrayInput), Object(Illuminate/Console/OutputStyle))
#36 G:/ilbc-management-system_7/vendor/laravel/framework/src/Illuminate/Console/Concerns/CallsCommands.php(29): Illuminate/Console/Command->runCommand('migrate', Array, Object(Illuminate/Console/OutputStyle))
#37 G:/ilbc-management-system_7/vendor/laravel/framework/src/Illuminate/Database/Console/Migrations/FreshCommand.php(82): Illuminate/Console/Command->call('migrate', Array)
#38 G:/ilbc-management-system_7/vendor/laravel/framework/src/Illuminate/Container/BoundMethod.php(36): Illuminate/Database/Console/Migrations/FreshCommand->handle()
#39 G:/ilbc-management-system_7/vendor/laravel/framework/src/Illuminate/Container/Util.php(43): Illuminate/Container/BoundMethod::Illuminate/Container/{closure}()
#40 G:/ilbc-management-system_7/vendor/laravel/framework/src/Illuminate/Container/BoundMethod.php(95): Illuminate/Container/Util::unwrapIfClosure(Object(Closure))
#41 G:/ilbc-management-system_7/vendor/laravel/framework/src/Illuminate/Container/BoundMethod.php(35): Illuminate/Container/BoundMethod::callBoundMethod(Object(Illuminate/Foundation/Application), Array, Object(Closure))
#42 G:/ilbc-management-system_7/vendor/laravel/framework/src/Illuminate/Container/Container.php(696): Illuminate/Container/BoundMethod::call(Object(Illuminate/Foundation/Application), Array, Array, NULL)
#43 G:/ilbc-management-system_7/vendor/laravel/framework/src/Illuminate/Console/Command.php(213): Illuminate/Container/Container->call(Array)
#44 G:/ilbc-management-system_7/vendor/symfony/console/Command/Command.php(341): Illuminate/Console/Command->execute(Object(Symfony/Component/Console/Input/ArgvInput), Object(Illuminate/Console/OutputStyle))
#45 G:/ilbc-management-system_7/vendor/laravel/framework/src/Illuminate/Console/Command.php(182): Symfony/Component/Console/Command/Command->run(Object(Symfony/Component/Console/Input/ArgvInput), Object(Illuminate/Console/OutputStyle))
#46 G:/ilbc-management-system_7/vendor/symfony/console/Application.php(1117): Illuminate/Console/Command->run(Object(Symfony/Component/Console/Input/ArgvInput), Object(Symfony/Component/Console/Output/ConsoleOutput))
#47 G:/ilbc-management-system_7/vendor/symfony/console/Application.php(356): Symfony/Component/Console/Application->doRunCommand(Object(Illuminate/Database/Console/Migrations/FreshCommand), Object(Symfony/Component/Console/Input/ArgvInput), Object(Symfony/Component/Console/Output/ConsoleOutput))
#48 G:/ilbc-management-system_7/vendor/symfony/console/Application.php(195): Symfony/Component/Console/Application->doRun(Object(Symfony/Component/Console/Input/ArgvInput), Object(Symfony/Component/Console/Output/ConsoleOutput))
#49 G:/ilbc-management-system_7/vendor/laravel/framework/src/Illuminate/Foundation/Console/Kernel.php(198): Symfony/Component/Console/Application->run(Object(Symfony/Component/Console/Input/ArgvInput), Object(Symfony/Component/Console/Output/ConsoleOutput))
#50 G:/ilbc-management-system_7/vendor/laravel/framework/src/Illuminate/Foundation/Application.php(1235): Illuminate/Foundation/Console/Kernel->handle(Object(Symfony/Component/Console/Input/ArgvInput), Object(Symfony/Component/Console/Output/ConsoleOutput))
#51 G:/ilbc-management-system_7/artisan(16): Illuminate/Foundation/Application->handleCommand(Object(Symfony/Component/Console/Input/ArgvInput))
#52 {main}
"} 
[2026-09-09 19:34:40] local.ERROR: file_put_contents(G:\ilbc-management-system_7\storage\framework/sessions/D5uVHcDsbsXkHCLGYz1cIygoNSi4hqQrDyQiiMEN): Failed to open stream: No such file or directory {"exception":"[object] (ErrorException(code: 0): file_put_contents(G:\\ilbc-management-system_7\\storage\\framework/sessions/D5uVHcDsbsXkHCLGYz1cIygoNSi4hqQrDyQiiMEN): Failed to open stream: No such file or directory at G:/ilbc-management-system_7/vendor/laravel/framework/src/Illuminate/Filesystem/Filesystem.php:204)
[stacktrace]
#0 G:/ilbc-management-system_7/vendor/laravel/framework/src/Illuminate/Foundation/Bootstrap/HandleExceptions.php(258): Illuminate/Foundation/Bootstrap/HandleExceptions->handleError(2, 'file_put_conten...', 'G://ilbc-managem...', 204)
#1 [internal function]: Illuminate/Foundation/Bootstrap/HandleExceptions->Illuminate/Foundation/Bootstrap/{closure}(2, 'file_put_conten...', 'G://ilbc-managem...', 204)
#2 G:/ilbc-management-system_7/vendor/laravel/framework/src/Illuminate/Filesystem/Filesystem.php(204): file_put_contents('G://ilbc-managem...', 'a:3:{s:6:\"_toke...', 2)
#3 G:/ilbc-management-system_7/vendor/laravel/framework/src/Illuminate/Session/FileSessionHandler.php(90): Illuminate/Filesystem/Filesystem->put('G://ilbc-managem...', 'a:3:{s:6:\"_toke...', true)
#4 G:/ilbc-management-system_7/vendor/laravel/framework/src/Illuminate/Session/Store.php(176): Illuminate/Session/FileSessionHandler->write('D5uVHcDsbsXkHCL...', 'a:3:{s:6:\"_toke...')
#5 G:/ilbc-management-system_7/vendor/laravel/framework/src/Illuminate/Session/Middleware/StartSession.php(245): Illuminate/Session/Store->save()
#6 G:/ilbc-management-system_7/vendor/laravel/framework/src/Illuminate/Session/Middleware/StartSession.php(130): Illuminate/Session/Middleware/StartSession->saveSession(Object(Illuminate/Http/Request))
#7 G:/ilbc-management-system_7/vendor/laravel/framework/src/Illuminate/Session/Middleware/StartSession.php(64): Illuminate/Session/Middleware/StartSession->handleStatefulRequest(Object(Illuminate/Http/Request), Object(Illuminate/Session/Store), Object(Closure))
#8 G:/ilbc-management-system_7/vendor/laravel/framework/src/Illuminate/Pipeline/Pipeline.php(209): Illuminate/Session/Middleware/StartSession->handle(Object(Illuminate/Http/Request), Object(Closure))
#9 G:/ilbc-management-system_7/vendor/laravel/framework/src/Illuminate/Cookie/Middleware/AddQueuedCookiesToResponse.php(37): Illuminate/Pipeline/Pipeline->Illuminate/Pipeline/{closure}(Object(Illuminate/Http/Request))
#10 G:/ilbc-management-system_7/vendor/laravel/framework/src/Illuminate/Pipeline/Pipeline.php(209): Illuminate/Cookie/Middleware/AddQueuedCookiesToResponse->handle(Object(Illuminate/Http/Request), Object(Closure))
#11 G:/ilbc-management-system_7/vendor/laravel/framework/src/Illuminate/Cookie/Middleware/EncryptCookies.php(75): Illuminate/Pipeline/Pipeline->Illuminate/Pipeline/{closure}(Object(Illuminate/Http/Request))
#12 G:/ilbc-management-system_7/vendor/laravel/framework/src/Illuminate/Pipeline/Pipeline.php(209): Illuminate/Cookie/Middleware/EncryptCookies->handle(Object(Illuminate/Http/Request), Object(Closure))
#13 G:/ilbc-management-system_7/vendor/laravel/framework/src/Illuminate/Pipeline/Pipeline.php(127): Illuminate/Pipeline/Pipeline->Illuminate/Pipeline/{closure}(Object(Illuminate/Http/Request))
#14 G:/ilbc-management-system_7/vendor/laravel/framework/src/Illuminate/Routing/Router.php(807): Illuminate/Pipeline/Pipeline->then(Object(Closure))
#15 G:/ilbc-management-system_7/vendor/laravel/framework/src/Illuminate/Routing/Router.php(786): Illuminate/Routing/Router->runRouteWithinStack(Object(Illuminate/Routing/Route), Object(Illuminate/Http/Request))
#16 G:/ilbc-management-system_7/vendor/laravel/framework/src/Illuminate/Routing/Router.php(750): Illuminate/Routing/Router->runRoute(Object(Illuminate/Http/Request), Object(Illuminate/Routing/Route))
#17 G:/ilbc-management-system_7/vendor/laravel/framework/src/Illuminate/Routing/Router.php(739): Illuminate/Routing/Router->dispatchToRoute(Object(Illuminate/Http/Request))
#18 G:/ilbc-management-system_7/vendor/laravel/framework/src/Illuminate/Foundation/Http/Kernel.php(201): Illuminate/Routing/Router->dispatch(Object(Illuminate/Http/Request))
#19 G:/ilbc-management-system_7/vendor/laravel/framework/src/Illuminate/Pipeline/Pipeline.php(170): Illuminate/Foundation/Http/Kernel->Illuminate/Foundation/Http/{closure}(Object(Illuminate/Http/Request))
#20 G:/ilbc-management-system_7/vendor/laravel/framework/src/Illuminate/Foundation/Http/Middleware/TransformsRequest.php(21): Illuminate/Pipeline/Pipeline->Illuminate/Pipeline/{closure}(Object(Illuminate/Http/Request))
#21 G:/ilbc-management-system_7/vendor/laravel/framework/src/Illuminate/Foundation/Http/Middleware/ConvertEmptyStringsToNull.php(31): Illuminate/Foundation/Http/Middleware/TransformsRequest->handle(Object(Illuminate/Http/Request), Object(Closure))
#22 G:/ilbc-management-system_7/vendor/laravel/framework/src/Illuminate/Pipeline/Pipeline.php(209): Illuminate/Foundation/Http/Middleware/ConvertEmptyStringsToNull->handle(Object(Illuminate/Http/Request), Object(Closure))
#23 G:/ilbc-management-system_7/vendor/laravel/framework/src/Illuminate/Foundation/Http/Middleware/TransformsRequest.php(21): Illuminate/Pipeline/Pipeline->Illuminate/Pipeline/{closure}(Object(Illuminate/Http/Request))
#24 G:/ilbc-management-system_7/vendor/laravel/framework/src/Illuminate/Foundation/Http/Middleware/TrimStrings.php(51): Illuminate/Foundation/Http/Middleware/TransformsRequest->handle(Object(Illuminate/Http/Request), Object(Closure))
#25 G:/ilbc-management-system_7/vendor/laravel/framework/src/Illuminate/Pipeline/Pipeline.php(209): Illuminate/Foundation/Http/Middleware/TrimStrings->handle(Object(Illuminate/Http/Request), Object(Closure))
#26 G:/ilbc-management-system_7/vendor/laravel/framework/src/Illuminate/Http/Middleware/ValidatePostSize.php(27): Illuminate/Pipeline/Pipeline->Illuminate/Pipeline/{closure}(Object(Illuminate/Http/Request))
#27 G:/ilbc-management-system_7/vendor/laravel/framework/src/Illuminate/Pipeline/Pipeline.php(209): Illuminate/Http/Middleware/ValidatePostSize->handle(Object(Illuminate/Http/Request), Object(Closure))
#28 G:/ilbc-management-system_7/vendor/laravel/framework/src/Illuminate/Foundation/Http/Middleware/PreventRequestsDuringMaintenance.php(110): Illuminate/Pipeline/Pipeline->Illuminate/Pipeline/{closure}(Object(Illuminate/Http/Request))
#29 G:/ilbc-management-system_7/vendor/laravel/framework/src/Illuminate/Pipeline/Pipeline.php(209): Illuminate/Foundation/Http/Middleware/PreventRequestsDuringMaintenance->handle(Object(Illuminate/Http/Request), Object(Closure))
#30 G:/ilbc-management-system_7/vendor/laravel/framework/src/Illuminate/Http/Middleware/HandleCors.php(49): Illuminate/Pipeline/Pipeline->Illuminate/Pipeline/{closure}(Object(Illuminate/Http/Request))
#31 G:/ilbc-management-system_7/vendor/laravel/framework/src/Illuminate/Pipeline/Pipeline.php(209): Illuminate/Http/Middleware/HandleCors->handle(Object(Illuminate/Http/Request), Object(Closure))
#32 G:/ilbc-management-system_7/vendor/laravel/framework/src/Illuminate/Http/Middleware/TrustProxies.php(58): Illuminate/Pipeline/Pipeline->Illuminate/Pipeline/{closure}(Object(Illuminate/Http/Request))
#33 G:/ilbc-management-system_7/vendor/laravel/framework/src/Illuminate/Pipeline/Pipeline.php(209): Illuminate/Http/Middleware/TrustProxies->handle(Object(Illuminate/Http/Request), Object(Closure))
#34 G:/ilbc-management-system_7/vendor/laravel/framework/src/Illuminate/Foundation/Http/Middleware/InvokeDeferredCallbacks.php(22): Illuminate/Pipeline/Pipeline->Illuminate/Pipeline/{closure}(Object(Illuminate/Http/Request))
#35 G:/ilbc-management-system_7/vendor/laravel/framework/src/Illuminate/Pipeline/Pipeline.php(209): Illuminate/Foundation/Http/Middleware/InvokeDeferredCallbacks->handle(Object(Illuminate/Http/Request), Object(Closure))
#36 G:/ilbc-management-system_7/vendor/laravel/framework/src/Illuminate/Pipeline/Pipeline.php(127): Illuminate/Pipeline/Pipeline->Illuminate/Pipeline/{closure}(Object(Illuminate/Http/Request))
#37 G:/ilbc-management-system_7/vendor/laravel/framework/src/Illuminate/Foundation/Http/Kernel.php(176): Illuminate/Pipeline/Pipeline->then(Object(Closure))
#38 G:/ilbc-management-system_7/vendor/laravel/framework/src/Illuminate/Foundation/Http/Kernel.php(145): Illuminate/Foundation/Http/Kernel->sendRequestThroughRouter(Object(Illuminate/Http/Request))
#39 G:/ilbc-management-system_7/vendor/laravel/framework/src/Illuminate/Foundation/Application.php(1220): Illuminate/Foundation/Http/Kernel->handle(Object(Illuminate/Http/Request))
#40 G:/ilbc-management-system_7/public/index.php(69): Illuminate/Foundation/Application->handleRequest(Object(Illuminate/Http/Request))
#41 G:/ilbc-management-system_7/vendor/laravel/framework/src/Illuminate/Foundation/resources/server.php(23): require_once('G://ilbc-managem...')
#42 {main}
"} 
[2026-09-09 19:35:03] local.ERROR: file_put_contents(G:\ilbc-management-system_7\storage\framework/sessions/bMuTaLLDywnfJwi2lI7KOKG4KIIWhEoQA95ZqFO9): Failed to open stream: No such file or directory {"exception":"[object] (ErrorException(code: 0): file_put_contents(G:\\ilbc-management-system_7\\storage\\framework/sessions/bMuTaLLDywnfJwi2lI7KOKG4KIIWhEoQA95ZqFO9): Failed to open stream: No such file or directory at G:/ilbc-management-system_7/vendor/laravel/framework/src/Illuminate/Filesystem/Filesystem.php:204)
[stacktrace]
#0 G:/ilbc-management-system_7/vendor/laravel/framework/src/Illuminate/Foundation/Bootstrap/HandleExceptions.php(258): Illuminate/Foundation/Bootstrap/HandleExceptions->handleError(2, 'file_put_conten...', 'G://ilbc-managem...', 204)
#1 [internal function]: Illuminate/Foundation/Bootstrap/HandleExceptions->Illuminate/Foundation/Bootstrap/{closure}(2, 'file_put_conten...', 'G://ilbc-managem...', 204)
#2 G:/ilbc-management-system_7/vendor/laravel/framework/src/Illuminate/Filesystem/Filesystem.php(204): file_put_contents('G://ilbc-managem...', 'a:4:{s:6:\"_toke...', 2)
#3 G:/ilbc-management-system_7/vendor/laravel/framework/src/Illuminate/Session/FileSessionHandler.php(90): Illuminate/Filesystem/Filesystem->put('G://ilbc-managem...', 'a:4:{s:6:\"_toke...', true)
#4 G:/ilbc-management-system_7/vendor/laravel/framework/src/Illuminate/Session/Store.php(176): Illuminate/Session/FileSessionHandler->write('bMuTaLLDywnfJwi...', 'a:4:{s:6:\"_toke...')
#5 G:/ilbc-management-system_7/vendor/laravel/framework/src/Illuminate/Session/Middleware/StartSession.php(245): Illuminate/Session/Store->save()
#6 G:/ilbc-management-system_7/vendor/laravel/framework/src/Illuminate/Session/Middleware/StartSession.php(130): Illuminate/Session/Middleware/StartSession->saveSession(Object(Illuminate/Http/Request))
#7 G:/ilbc-management-system_7/vendor/laravel/framework/src/Illuminate/Session/Middleware/StartSession.php(64): Illuminate/Session/Middleware/StartSession->handleStatefulRequest(Object(Illuminate/Http/Request), Object(Illuminate/Session/Store), Object(Closure))
#8 G:/ilbc-management-system_7/vendor/laravel/framework/src/Illuminate/Pipeline/Pipeline.php(209): Illuminate/Session/Middleware/StartSession->handle(Object(Illuminate/Http/Request), Object(Closure))
#9 G:/ilbc-management-system_7/vendor/laravel/framework/src/Illuminate/Cookie/Middleware/AddQueuedCookiesToResponse.php(37): Illuminate/Pipeline/Pipeline->Illuminate/Pipeline/{closure}(Object(Illuminate/Http/Request))
#10 G:/ilbc-management-system_7/vendor/laravel/framework/src/Illuminate/Pipeline/Pipeline.php(209): Illuminate/Cookie/Middleware/AddQueuedCookiesToResponse->handle(Object(Illuminate/Http/Request), Object(Closure))
#11 G:/ilbc-management-system_7/vendor/laravel/framework/src/Illuminate/Cookie/Middleware/EncryptCookies.php(75): Illuminate/Pipeline/Pipeline->Illuminate/Pipeline/{closure}(Object(Illuminate/Http/Request))
#12 G:/ilbc-management-system_7/vendor/laravel/framework/src/Illuminate/Pipeline/Pipeline.php(209): Illuminate/Cookie/Middleware/EncryptCookies->handle(Object(Illuminate/Http/Request), Object(Closure))
#13 G:/ilbc-management-system_7/vendor/laravel/framework/src/Illuminate/Pipeline/Pipeline.php(127): Illuminate/Pipeline/Pipeline->Illuminate/Pipeline/{closure}(Object(Illuminate/Http/Request))
#14 G:/ilbc-management-system_7/vendor/laravel/framework/src/Illuminate/Routing/Router.php(807): Illuminate/Pipeline/Pipeline->then(Object(Closure))
#15 G:/ilbc-management-system_7/vendor/laravel/framework/src/Illuminate/Routing/Router.php(786): Illuminate/Routing/Router->runRouteWithinStack(Object(Illuminate/Routing/Route), Object(Illuminate/Http/Request))
#16 G:/ilbc-management-system_7/vendor/laravel/framework/src/Illuminate/Routing/Router.php(750): Illuminate/Routing/Router->runRoute(Object(Illuminate/Http/Request), Object(Illuminate/Routing/Route))
#17 G:/ilbc-management-system_7/vendor/laravel/framework/src/Illuminate/Routing/Router.php(739): Illuminate/Routing/Router->dispatchToRoute(Object(Illuminate/Http/Request))
#18 G:/ilbc-management-system_7/vendor/laravel/framework/src/Illuminate/Foundation/Http/Kernel.php(201): Illuminate/Routing/Router->dispatch(Object(Illuminate/Http/Request))
#19 G:/ilbc-management-system_7/vendor/laravel/framework/src/Illuminate/Pipeline/Pipeline.php(170): Illuminate/Foundation/Http/Kernel->Illuminate/Foundation/Http/{closure}(Object(Illuminate/Http/Request))
#20 G:/ilbc-management-system_7/vendor/laravel/framework/src/Illuminate/Foundation/Http/Middleware/TransformsRequest.php(21): Illuminate/Pipeline/Pipeline->Illuminate/Pipeline/{closure}(Object(Illuminate/Http/Request))
#21 G:/ilbc-management-system_7/vendor/laravel/framework/src/Illuminate/Foundation/Http/Middleware/ConvertEmptyStringsToNull.php(31): Illuminate/Foundation/Http/Middleware/TransformsRequest->handle(Object(Illuminate/Http/Request), Object(Closure))
#22 G:/ilbc-management-system_7/vendor/laravel/framework/src/Illuminate/Pipeline/Pipeline.php(209): Illuminate/Foundation/Http/Middleware/ConvertEmptyStringsToNull->handle(Object(Illuminate/Http/Request), Object(Closure))
#23 G:/ilbc-management-system_7/vendor/laravel/framework/src/Illuminate/Foundation/Http/Middleware/TransformsRequest.php(21): Illuminate/Pipeline/Pipeline->Illuminate/Pipeline/{closure}(Object(Illuminate/Http/Request))
#24 G:/ilbc-management-system_7/vendor/laravel/framework/src/Illuminate/Foundation/Http/Middleware/TrimStrings.php(51): Illuminate/Foundation/Http/Middleware/TransformsRequest->handle(Object(Illuminate/Http/Request), Object(Closure))
#25 G:/ilbc-management-system_7/vendor/laravel/framework/src/Illuminate/Pipeline/Pipeline.php(209): Illuminate/Foundation/Http/Middleware/TrimStrings->handle(Object(Illuminate/Http/Request), Object(Closure))
#26 G:/ilbc-management-system_7/vendor/laravel/framework/src/Illuminate/Http/Middleware/ValidatePostSize.php(27): Illuminate/Pipeline/Pipeline->Illuminate/Pipeline/{closure}(Object(Illuminate/Http/Request))
#27 G:/ilbc-management-system_7/vendor/laravel/framework/src/Illuminate/Pipeline/Pipeline.php(209): Illuminate/Http/Middleware/ValidatePostSize->handle(Object(Illuminate/Http/Request), Object(Closure))
#28 G:/ilbc-management-system_7/vendor/laravel/framework/src/Illuminate/Foundation/Http/Middleware/PreventRequestsDuringMaintenance.php(110): Illuminate/Pipeline/Pipeline->Illuminate/Pipeline/{closure}(Object(Illuminate/Http/Request))
#29 G:/ilbc-management-system_7/vendor/laravel/framework/src/Illuminate/Pipeline/Pipeline.php(209): Illuminate/Foundation/Http/Middleware/PreventRequestsDuringMaintenance->handle(Object(Illuminate/Http/Request), Object(Closure))
#30 G:/ilbc-management-system_7/vendor/laravel/framework/src/Illuminate/Http/Middleware/HandleCors.php(49): Illuminate/Pipeline/Pipeline->Illuminate/Pipeline/{closure}(Object(Illuminate/Http/Request))
#31 G:/ilbc-management-system_7/vendor/laravel/framework/src/Illuminate/Pipeline/Pipeline.php(209): Illuminate/Http/Middleware/HandleCors->handle(Object(Illuminate/Http/Request), Object(Closure))
#32 G:/ilbc-management-system_7/vendor/laravel/framework/src/Illuminate/Http/Middleware/TrustProxies.php(58): Illuminate/Pipeline/Pipeline->Illuminate/Pipeline/{closure}(Object(Illuminate/Http/Request))
#33 G:/ilbc-management-system_7/vendor/laravel/framework/src/Illuminate/Pipeline/Pipeline.php(209): Illuminate/Http/Middleware/TrustProxies->handle(Object(Illuminate/Http/Request), Object(Closure))
#34 G:/ilbc-management-system_7/vendor/laravel/framework/src/Illuminate/Foundation/Http/Middleware/InvokeDeferredCallbacks.php(22): Illuminate/Pipeline/Pipeline->Illuminate/Pipeline/{closure}(Object(Illuminate/Http/Request))
#35 G:/ilbc-management-system_7/vendor/laravel/framework/src/Illuminate/Pipeline/Pipeline.php(209): Illuminate/Foundation/Http/Middleware/InvokeDeferredCallbacks->handle(Object(Illuminate/Http/Request), Object(Closure))
#36 G:/ilbc-management-system_7/vendor/laravel/framework/src/Illuminate/Pipeline/Pipeline.php(127): Illuminate/Pipeline/Pipeline->Illuminate/Pipeline/{closure}(Object(Illuminate/Http/Request))
#37 G:/ilbc-management-system_7/vendor/laravel/framework/src/Illuminate/Foundation/Http/Kernel.php(176): Illuminate/Pipeline/Pipeline->then(Object(Closure))
#38 G:/ilbc-management-system_7/vendor/laravel/framework/src/Illuminate/Foundation/Http/Kernel.php(145): Illuminate/Foundation/Http/Kernel->sendRequestThroughRouter(Object(Illuminate/Http/Request))
#39 G:/ilbc-management-system_7/vendor/laravel/framework/src/Illuminate/Foundation/Application.php(1220): Illuminate/Foundation/Http/Kernel->handle(Object(Illuminate/Http/Request))
#40 G:/ilbc-management-system_7/public/index.php(69): Illuminate/Foundation/Application->handleRequest(Object(Illuminate/Http/Request))
#41 G:/ilbc-management-system_7/vendor/laravel/framework/src/Illuminate/Foundation/resources/server.php(23): require_once('G://ilbc-managem...')
#42 {main}
"} 
[2026-09-09 19:37:00] local.ERROR: file_put_contents(G:\ilbc-management-system_7\storage\framework/sessions/UF79LEoan0PmxhQYDQLOS4VZZTItY8xVKlFz8VaE): Failed to open stream: No such file or directory {"exception":"[object] (ErrorException(code: 0): file_put_contents(G:\\ilbc-management-system_7\\storage\\framework/sessions/UF79LEoan0PmxhQYDQLOS4VZZTItY8xVKlFz8VaE): Failed to open stream: No such file or directory at G:/ilbc-management-system_7/vendor/laravel/framework/src/Illuminate/Filesystem/Filesystem.php:204)
[stacktrace]
#0 G:/ilbc-management-system_7/vendor/laravel/framework/src/Illuminate/Foundation/Bootstrap/HandleExceptions.php(258): Illuminate/Foundation/Bootstrap/HandleExceptions->handleError(2, 'file_put_conten...', 'G://ilbc-managem...', 204)
#1 [internal function]: Illuminate/Foundation/Bootstrap/HandleExceptions->Illuminate/Foundation/Bootstrap/{closure}(2, 'file_put_conten...', 'G://ilbc-managem...', 204)
#2 G:/ilbc-management-system_7/vendor/laravel/framework/src/Illuminate/Filesystem/Filesystem.php(204): file_put_contents('G://ilbc-managem...', 'a:4:{s:6:\"_toke...', 2)
#3 G:/ilbc-management-system_7/vendor/laravel/framework/src/Illuminate/Session/FileSessionHandler.php(90): Illuminate/Filesystem/Filesystem->put('G://ilbc-managem...', 'a:4:{s:6:\"_toke...', true)
#4 G:/ilbc-management-system_7/vendor/laravel/framework/src/Illuminate/Session/Store.php(176): Illuminate/Session/FileSessionHandler->write('UF79LEoan0PmxhQ...', 'a:4:{s:6:\"_toke...')
#5 G:/ilbc-management-system_7/vendor/laravel/framework/src/Illuminate/Session/Middleware/StartSession.php(245): Illuminate/Session/Store->save()
#6 G:/ilbc-management-system_7/vendor/laravel/framework/src/Illuminate/Session/Middleware/StartSession.php(130): Illuminate/Session/Middleware/StartSession->saveSession(Object(Illuminate/Http/Request))
#7 G:/ilbc-management-system_7/vendor/laravel/framework/src/Illuminate/Session/Middleware/StartSession.php(64): Illuminate/Session/Middleware/StartSession->handleStatefulRequest(Object(Illuminate/Http/Request), Object(Illuminate/Session/Store), Object(Closure))
#8 G:/ilbc-management-system_7/vendor/laravel/framework/src/Illuminate/Pipeline/Pipeline.php(209): Illuminate/Session/Middleware/StartSession->handle(Object(Illuminate/Http/Request), Object(Closure))
#9 G:/ilbc-management-system_7/vendor/laravel/framework/src/Illuminate/Cookie/Middleware/AddQueuedCookiesToResponse.php(37): Illuminate/Pipeline/Pipeline->Illuminate/Pipeline/{closure}(Object(Illuminate/Http/Request))
#10 G:/ilbc-management-system_7/vendor/laravel/framework/src/Illuminate/Pipeline/Pipeline.php(209): Illuminate/Cookie/Middleware/AddQueuedCookiesToResponse->handle(Object(Illuminate/Http/Request), Object(Closure))
#11 G:/ilbc-management-system_7/vendor/laravel/framework/src/Illuminate/Cookie/Middleware/EncryptCookies.php(75): Illuminate/Pipeline/Pipeline->Illuminate/Pipeline/{closure}(Object(Illuminate/Http/Request))
#12 G:/ilbc-management-system_7/vendor/laravel/framework/src/Illuminate/Pipeline/Pipeline.php(209): Illuminate/Cookie/Middleware/EncryptCookies->handle(Object(Illuminate/Http/Request), Object(Closure))
#13 G:/ilbc-management-system_7/vendor/laravel/framework/src/Illuminate/Pipeline/Pipeline.php(127): Illuminate/Pipeline/Pipeline->Illuminate/Pipeline/{closure}(Object(Illuminate/Http/Request))
#14 G:/ilbc-management-system_7/vendor/laravel/framework/src/Illuminate/Routing/Router.php(807): Illuminate/Pipeline/Pipeline->then(Object(Closure))
#15 G:/ilbc-management-system_7/vendor/laravel/framework/src/Illuminate/Routing/Router.php(786): Illuminate/Routing/Router->runRouteWithinStack(Object(Illuminate/Routing/Route), Object(Illuminate/Http/Request))
#16 G:/ilbc-management-system_7/vendor/laravel/framework/src/Illuminate/Routing/Router.php(750): Illuminate/Routing/Router->runRoute(Object(Illuminate/Http/Request), Object(Illuminate/Routing/Route))
#17 G:/ilbc-management-system_7/vendor/laravel/framework/src/Illuminate/Routing/Router.php(739): Illuminate/Routing/Router->dispatchToRoute(Object(Illuminate/Http/Request))
#18 G:/ilbc-management-system_7/vendor/laravel/framework/src/Illuminate/Foundation/Http/Kernel.php(201): Illuminate/Routing/Router->dispatch(Object(Illuminate/Http/Request))
#19 G:/ilbc-management-system_7/vendor/laravel/framework/src/Illuminate/Pipeline/Pipeline.php(170): Illuminate/Foundation/Http/Kernel->Illuminate/Foundation/Http/{closure}(Object(Illuminate/Http/Request))
#20 G:/ilbc-management-system_7/vendor/laravel/framework/src/Illuminate/Foundation/Http/Middleware/TransformsRequest.php(21): Illuminate/Pipeline/Pipeline->Illuminate/Pipeline/{closure}(Object(Illuminate/Http/Request))
#21 G:/ilbc-management-system_7/vendor/laravel/framework/src/Illuminate/Foundation/Http/Middleware/ConvertEmptyStringsToNull.php(31): Illuminate/Foundation/Http/Middleware/TransformsRequest->handle(Object(Illuminate/Http/Request), Object(Closure))
#22 G:/ilbc-management-system_7/vendor/laravel/framework/src/Illuminate/Pipeline/Pipeline.php(209): Illuminate/Foundation/Http/Middleware/ConvertEmptyStringsToNull->handle(Object(Illuminate/Http/Request), Object(Closure))
#23 G:/ilbc-management-system_7/vendor/laravel/framework/src/Illuminate/Foundation/Http/Middleware/TransformsRequest.php(21): Illuminate/Pipeline/Pipeline->Illuminate/Pipeline/{closure}(Object(Illuminate/Http/Request))
#24 G:/ilbc-management-system_7/vendor/laravel/framework/src/Illuminate/Foundation/Http/Middleware/TrimStrings.php(51): Illuminate/Foundation/Http/Middleware/TransformsRequest->handle(Object(Illuminate/Http/Request), Object(Closure))
#25 G:/ilbc-management-system_7/vendor/laravel/framework/src/Illuminate/Pipeline/Pipeline.php(209): Illuminate/Foundation/Http/Middleware/TrimStrings->handle(Object(Illuminate/Http/Request), Object(Closure))
#26 G:/ilbc-management-system_7/vendor/laravel/framework/src/Illuminate/Http/Middleware/ValidatePostSize.php(27): Illuminate/Pipeline/Pipeline->Illuminate/Pipeline/{closure}(Object(Illuminate/Http/Request))
#27 G:/ilbc-management-system_7/vendor/laravel/framework/src/Illuminate/Pipeline/Pipeline.php(209): Illuminate/Http/Middleware/ValidatePostSize->handle(Object(Illuminate/Http/Request), Object(Closure))
#28 G:/ilbc-management-system_7/vendor/laravel/framework/src/Illuminate/Foundation/Http/Middleware/PreventRequestsDuringMaintenance.php(110): Illuminate/Pipeline/Pipeline->Illuminate/Pipeline/{closure}(Object(Illuminate/Http/Request))
#29 G:/ilbc-management-system_7/vendor/laravel/framework/src/Illuminate/Pipeline/Pipeline.php(209): Illuminate/Foundation/Http/Middleware/PreventRequestsDuringMaintenance->handle(Object(Illuminate/Http/Request), Object(Closure))
#30 G:/ilbc-management-system_7/vendor/laravel/framework/src/Illuminate/Http/Middleware/HandleCors.php(49): Illuminate/Pipeline/Pipeline->Illuminate/Pipeline/{closure}(Object(Illuminate/Http/Request))
#31 G:/ilbc-management-system_7/vendor/laravel/framework/src/Illuminate/Pipeline/Pipeline.php(209): Illuminate/Http/Middleware/HandleCors->handle(Object(Illuminate/Http/Request), Object(Closure))
#32 G:/ilbc-management-system_7/vendor/laravel/framework/src/Illuminate/Http/Middleware/TrustProxies.php(58): Illuminate/Pipeline/Pipeline->Illuminate/Pipeline/{closure}(Object(Illuminate/Http/Request))
#33 G:/ilbc-management-system_7/vendor/laravel/framework/src/Illuminate/Pipeline/Pipeline.php(209): Illuminate/Http/Middleware/TrustProxies->handle(Object(Illuminate/Http/Request), Object(Closure))
#34 G:/ilbc-management-system_7/vendor/laravel/framework/src/Illuminate/Foundation/Http/Middleware/InvokeDeferredCallbacks.php(22): Illuminate/Pipeline/Pipeline->Illuminate/Pipeline/{closure}(Object(Illuminate/Http/Request))
#35 G:/ilbc-management-system_7/vendor/laravel/framework/src/Illuminate/Pipeline/Pipeline.php(209): Illuminate/Foundation/Http/Middleware/InvokeDeferredCallbacks->handle(Object(Illuminate/Http/Request), Object(Closure))
#36 G:/ilbc-management-system_7/vendor/laravel/framework/src/Illuminate/Pipeline/Pipeline.php(127): Illuminate/Pipeline/Pipeline->Illuminate/Pipeline/{closure}(Object(Illuminate/Http/Request))
#37 G:/ilbc-management-system_7/vendor/laravel/framework/src/Illuminate/Foundation/Http/Kernel.php(176): Illuminate/Pipeline/Pipeline->then(Object(Closure))
#38 G:/ilbc-management-system_7/vendor/laravel/framework/src/Illuminate/Foundation/Http/Kernel.php(145): Illuminate/Foundation/Http/Kernel->sendRequestThroughRouter(Object(Illuminate/Http/Request))
#39 G:/ilbc-management-system_7/vendor/laravel/framework/src/Illuminate/Foundation/Application.php(1220): Illuminate/Foundation/Http/Kernel->handle(Object(Illuminate/Http/Request))
#40 G:/ilbc-management-system_7/public/index.php(69): Illuminate/Foundation/Application->handleRequest(Object(Illuminate/Http/Request))
#41 G:/ilbc-management-system_7/vendor/laravel/framework/src/Illuminate/Foundation/resources/server.php(23): require_once('G://ilbc-managem...')
#42 {main}
"} 
[2026-09-09 19:47:31] local.ERROR: file_put_contents(G:\ilbc-management-system_7\storage\framework/sessions/DSGaj7z8g0pf5ev80vYPA8R5sfugmdhxvRFewfpt): Failed to open stream: No such file or directory {"exception":"[object] (ErrorException(code: 0): file_put_contents(G:\\ilbc-management-system_7\\storage\\framework/sessions/DSGaj7z8g0pf5ev80vYPA8R5sfugmdhxvRFewfpt): Failed to open stream: No such file or directory at G:/ilbc-management-system_7/vendor/laravel/framework/src/Illuminate/Filesystem/Filesystem.php:204)
[stacktrace]
#0 G:/ilbc-management-system_7/vendor/laravel/framework/src/Illuminate/Foundation/Bootstrap/HandleExceptions.php(258): Illuminate/Foundation/Bootstrap/HandleExceptions->handleError(2, 'file_put_conten...', 'G://ilbc-managem...', 204)
#1 [internal function]: Illuminate/Foundation/Bootstrap/HandleExceptions->Illuminate/Foundation/Bootstrap/{closure}(2, 'file_put_conten...', 'G://ilbc-managem...', 204)
#2 G:/ilbc-management-system_7/vendor/laravel/framework/src/Illuminate/Filesystem/Filesystem.php(204): file_put_contents('G://ilbc-managem...', 'a:4:{s:6:\"_toke...', 2)
#3 G:/ilbc-management-system_7/vendor/laravel/framework/src/Illuminate/Session/FileSessionHandler.php(90): Illuminate/Filesystem/Filesystem->put('G://ilbc-managem...', 'a:4:{s:6:\"_toke...', true)
#4 G:/ilbc-management-system_7/vendor/laravel/framework/src/Illuminate/Session/Store.php(176): Illuminate/Session/FileSessionHandler->write('DSGaj7z8g0pf5ev...', 'a:4:{s:6:\"_toke...')
#5 G:/ilbc-management-system_7/vendor/laravel/framework/src/Illuminate/Session/Middleware/StartSession.php(245): Illuminate/Session/Store->save()
#6 G:/ilbc-management-system_7/vendor/laravel/framework/src/Illuminate/Session/Middleware/StartSession.php(130): Illuminate/Session/Middleware/StartSession->saveSession(Object(Illuminate/Http/Request))
#7 G:/ilbc-management-system_7/vendor/laravel/framework/src/Illuminate/Session/Middleware/StartSession.php(64): Illuminate/Session/Middleware/StartSession->handleStatefulRequest(Object(Illuminate/Http/Request), Object(Illuminate/Session/Store), Object(Closure))
#8 G:/ilbc-management-system_7/vendor/laravel/framework/src/Illuminate/Pipeline/Pipeline.php(209): Illuminate/Session/Middleware/StartSession->handle(Object(Illuminate/Http/Request), Object(Closure))
#9 G:/ilbc-management-system_7/vendor/laravel/framework/src/Illuminate/Cookie/Middleware/AddQueuedCookiesToResponse.php(37): Illuminate/Pipeline/Pipeline->Illuminate/Pipeline/{closure}(Object(Illuminate/Http/Request))
#10 G:/ilbc-management-system_7/vendor/laravel/framework/src/Illuminate/Pipeline/Pipeline.php(209): Illuminate/Cookie/Middleware/AddQueuedCookiesToResponse->handle(Object(Illuminate/Http/Request), Object(Closure))
#11 G:/ilbc-management-system_7/vendor/laravel/framework/src/Illuminate/Cookie/Middleware/EncryptCookies.php(75): Illuminate/Pipeline/Pipeline->Illuminate/Pipeline/{closure}(Object(Illuminate/Http/Request))
#12 G:/ilbc-management-system_7/vendor/laravel/framework/src/Illuminate/Pipeline/Pipeline.php(209): Illuminate/Cookie/Middleware/EncryptCookies->handle(Object(Illuminate/Http/Request), Object(Closure))
#13 G:/ilbc-management-system_7/vendor/laravel/framework/src/Illuminate/Pipeline/Pipeline.php(127): Illuminate/Pipeline/Pipeline->Illuminate/Pipeline/{closure}(Object(Illuminate/Http/Request))
#14 G:/ilbc-management-system_7/vendor/laravel/framework/src/Illuminate/Routing/Router.php(807): Illuminate/Pipeline/Pipeline->then(Object(Closure))
#15 G:/ilbc-management-system_7/vendor/laravel/framework/src/Illuminate/Routing/Router.php(786): Illuminate/Routing/Router->runRouteWithinStack(Object(Illuminate/Routing/Route), Object(Illuminate/Http/Request))
#16 G:/ilbc-management-system_7/vendor/laravel/framework/src/Illuminate/Routing/Router.php(750): Illuminate/Routing/Router->runRoute(Object(Illuminate/Http/Request), Object(Illuminate/Routing/Route))
#17 G:/ilbc-management-system_7/vendor/laravel/framework/src/Illuminate/Routing/Router.php(739): Illuminate/Routing/Router->dispatchToRoute(Object(Illuminate/Http/Request))
#18 G:/ilbc-management-system_7/vendor/laravel/framework/src/Illuminate/Foundation/Http/Kernel.php(201): Illuminate/Routing/Router->dispatch(Object(Illuminate/Http/Request))
#19 G:/ilbc-management-system_7/vendor/laravel/framework/src/Illuminate/Pipeline/Pipeline.php(170): Illuminate/Foundation/Http/Kernel->Illuminate/Foundation/Http/{closure}(Object(Illuminate/Http/Request))
#20 G:/ilbc-management-system_7/vendor/laravel/framework/src/Illuminate/Foundation/Http/Middleware/TransformsRequest.php(21): Illuminate/Pipeline/Pipeline->Illuminate/Pipeline/{closure}(Object(Illuminate/Http/Request))
#21 G:/ilbc-management-system_7/vendor/laravel/framework/src/Illuminate/Foundation/Http/Middleware/ConvertEmptyStringsToNull.php(31): Illuminate/Foundation/Http/Middleware/TransformsRequest->handle(Object(Illuminate/Http/Request), Object(Closure))
#22 G:/ilbc-management-system_7/vendor/laravel/framework/src/Illuminate/Pipeline/Pipeline.php(209): Illuminate/Foundation/Http/Middleware/ConvertEmptyStringsToNull->handle(Object(Illuminate/Http/Request), Object(Closure))
#23 G:/ilbc-management-system_7/vendor/laravel/framework/src/Illuminate/Foundation/Http/Middleware/TransformsRequest.php(21): Illuminate/Pipeline/Pipeline->Illuminate/Pipeline/{closure}(Object(Illuminate/Http/Request))
#24 G:/ilbc-management-system_7/vendor/laravel/framework/src/Illuminate/Foundation/Http/Middleware/TrimStrings.php(51): Illuminate/Foundation/Http/Middleware/TransformsRequest->handle(Object(Illuminate/Http/Request), Object(Closure))
#25 G:/ilbc-management-system_7/vendor/laravel/framework/src/Illuminate/Pipeline/Pipeline.php(209): Illuminate/Foundation/Http/Middleware/TrimStrings->handle(Object(Illuminate/Http/Request), Object(Closure))
#26 G:/ilbc-management-system_7/vendor/laravel/framework/src/Illuminate/Http/Middleware/ValidatePostSize.php(27): Illuminate/Pipeline/Pipeline->Illuminate/Pipeline/{closure}(Object(Illuminate/Http/Request))
#27 G:/ilbc-management-system_7/vendor/laravel/framework/src/Illuminate/Pipeline/Pipeline.php(209): Illuminate/Http/Middleware/ValidatePostSize->handle(Object(Illuminate/Http/Request), Object(Closure))
#28 G:/ilbc-management-system_7/vendor/laravel/framework/src/Illuminate/Foundation/Http/Middleware/PreventRequestsDuringMaintenance.php(110): Illuminate/Pipeline/Pipeline->Illuminate/Pipeline/{closure}(Object(Illuminate/Http/Request))
#29 G:/ilbc-management-system_7/vendor/laravel/framework/src/Illuminate/Pipeline/Pipeline.php(209): Illuminate/Foundation/Http/Middleware/PreventRequestsDuringMaintenance->handle(Object(Illuminate/Http/Request), Object(Closure))
#30 G:/ilbc-management-system_7/vendor/laravel/framework/src/Illuminate/Http/Middleware/HandleCors.php(49): Illuminate/Pipeline/Pipeline->Illuminate/Pipeline/{closure}(Object(Illuminate/Http/Request))
#31 G:/ilbc-management-system_7/vendor/laravel/framework/src/Illuminate/Pipeline/Pipeline.php(209): Illuminate/Http/Middleware/HandleCors->handle(Object(Illuminate/Http/Request), Object(Closure))
#32 G:/ilbc-management-system_7/vendor/laravel/framework/src/Illuminate/Http/Middleware/TrustProxies.php(58): Illuminate/Pipeline/Pipeline->Illuminate/Pipeline/{closure}(Object(Illuminate/Http/Request))
#33 G:/ilbc-management-system_7/vendor/laravel/framework/src/Illuminate/Pipeline/Pipeline.php(209): Illuminate/Http/Middleware/TrustProxies->handle(Object(Illuminate/Http/Request), Object(Closure))
#34 G:/ilbc-management-system_7/vendor/laravel/framework/src/Illuminate/Foundation/Http/Middleware/InvokeDeferredCallbacks.php(22): Illuminate/Pipeline/Pipeline->Illuminate/Pipeline/{closure}(Object(Illuminate/Http/Request))
#35 G:/ilbc-management-system_7/vendor/laravel/framework/src/Illuminate/Pipeline/Pipeline.php(209): Illuminate/Foundation/Http/Middleware/InvokeDeferredCallbacks->handle(Object(Illuminate/Http/Request), Object(Closure))
#36 G:/ilbc-management-system_7/vendor/laravel/framework/src/Illuminate/Pipeline/Pipeline.php(127): Illuminate/Pipeline/Pipeline->Illuminate/Pipeline/{closure}(Object(Illuminate/Http/Request))
#37 G:/ilbc-management-system_7/vendor/laravel/framework/src/Illuminate/Foundation/Http/Kernel.php(176): Illuminate/Pipeline/Pipeline->then(Object(Closure))
#38 G:/ilbc-management-system_7/vendor/laravel/framework/src/Illuminate/Foundation/Http/Kernel.php(145): Illuminate/Foundation/Http/Kernel->sendRequestThroughRouter(Object(Illuminate/Http/Request))
#39 G:/ilbc-management-system_7/vendor/laravel/framework/src/Illuminate/Foundation/Application.php(1220): Illuminate/Foundation/Http/Kernel->handle(Object(Illuminate/Http/Request))
#40 G:/ilbc-management-system_7/public/index.php(69): Illuminate/Foundation/Application->handleRequest(Object(Illuminate/Http/Request))
#41 G:/ilbc-management-system_7/vendor/laravel/framework/src/Illuminate/Foundation/resources/server.php(23): require_once('G://ilbc-managem...')
#42 {main}
"} 
[2026-09-09 19:49:13] local.ERROR: file_put_contents(G:\ilbc-management-system_7\storage\framework/sessions/vXczpIKUxE7j9lEOj0S21n3FifQOJWVrtSGsZRPj): Failed to open stream: No such file or directory {"exception":"[object] (ErrorException(code: 0): file_put_contents(G:\\ilbc-management-system_7\\storage\\framework/sessions/vXczpIKUxE7j9lEOj0S21n3FifQOJWVrtSGsZRPj): Failed to open stream: No such file or directory at G:/ilbc-management-system_7/vendor/laravel/framework/src/Illuminate/Filesystem/Filesystem.php:204)
[stacktrace]
#0 G:/ilbc-management-system_7/vendor/laravel/framework/src/Illuminate/Foundation/Bootstrap/HandleExceptions.php(258): Illuminate/Foundation/Bootstrap/HandleExceptions->handleError(2, 'file_put_conten...', 'G://ilbc-managem...', 204)
#1 [internal function]: Illuminate/Foundation/Bootstrap/HandleExceptions->Illuminate/Foundation/Bootstrap/{closure}(2, 'file_put_conten...', 'G://ilbc-managem...', 204)
#2 G:/ilbc-management-system_7/vendor/laravel/framework/src/Illuminate/Filesystem/Filesystem.php(204): file_put_contents('G://ilbc-managem...', 'a:4:{s:6:\"_toke...', 2)
#3 G:/ilbc-management-system_7/vendor/laravel/framework/src/Illuminate/Session/FileSessionHandler.php(90): Illuminate/Filesystem/Filesystem->put('G://ilbc-managem...', 'a:4:{s:6:\"_toke...', true)
#4 G:/ilbc-management-system_7/vendor/laravel/framework/src/Illuminate/Session/Store.php(176): Illuminate/Session/FileSessionHandler->write('vXczpIKUxE7j9lE...', 'a:4:{s:6:\"_toke...')
#5 G:/ilbc-management-system_7/vendor/laravel/framework/src/Illuminate/Session/Middleware/StartSession.php(245): Illuminate/Session/Store->save()
#6 G:/ilbc-management-system_7/vendor/laravel/framework/src/Illuminate/Session/Middleware/StartSession.php(130): Illuminate/Session/Middleware/StartSession->saveSession(Object(Illuminate/Http/Request))
#7 G:/ilbc-management-system_7/vendor/laravel/framework/src/Illuminate/Session/Middleware/StartSession.php(64): Illuminate/Session/Middleware/StartSession->handleStatefulRequest(Object(Illuminate/Http/Request), Object(Illuminate/Session/Store), Object(Closure))
#8 G:/ilbc-management-system_7/vendor/laravel/framework/src/Illuminate/Pipeline/Pipeline.php(209): Illuminate/Session/Middleware/StartSession->handle(Object(Illuminate/Http/Request), Object(Closure))
#9 G:/ilbc-management-system_7/vendor/laravel/framework/src/Illuminate/Cookie/Middleware/AddQueuedCookiesToResponse.php(37): Illuminate/Pipeline/Pipeline->Illuminate/Pipeline/{closure}(Object(Illuminate/Http/Request))
#10 G:/ilbc-management-system_7/vendor/laravel/framework/src/Illuminate/Pipeline/Pipeline.php(209): Illuminate/Cookie/Middleware/AddQueuedCookiesToResponse->handle(Object(Illuminate/Http/Request), Object(Closure))
#11 G:/ilbc-management-system_7/vendor/laravel/framework/src/Illuminate/Cookie/Middleware/EncryptCookies.php(75): Illuminate/Pipeline/Pipeline->Illuminate/Pipeline/{closure}(Object(Illuminate/Http/Request))
#12 G:/ilbc-management-system_7/vendor/laravel/framework/src/Illuminate/Pipeline/Pipeline.php(209): Illuminate/Cookie/Middleware/EncryptCookies->handle(Object(Illuminate/Http/Request), Object(Closure))
#13 G:/ilbc-management-system_7/vendor/laravel/framework/src/Illuminate/Pipeline/Pipeline.php(127): Illuminate/Pipeline/Pipeline->Illuminate/Pipeline/{closure}(Object(Illuminate/Http/Request))
#14 G:/ilbc-management-system_7/vendor/laravel/framework/src/Illuminate/Routing/Router.php(807): Illuminate/Pipeline/Pipeline->then(Object(Closure))
#15 G:/ilbc-management-system_7/vendor/laravel/framework/src/Illuminate/Routing/Router.php(786): Illuminate/Routing/Router->runRouteWithinStack(Object(Illuminate/Routing/Route), Object(Illuminate/Http/Request))
#16 G:/ilbc-management-system_7/vendor/laravel/framework/src/Illuminate/Routing/Router.php(750): Illuminate/Routing/Router->runRoute(Object(Illuminate/Http/Request), Object(Illuminate/Routing/Route))
#17 G:/ilbc-management-system_7/vendor/laravel/framework/src/Illuminate/Routing/Router.php(739): Illuminate/Routing/Router->dispatchToRoute(Object(Illuminate/Http/Request))
#18 G:/ilbc-management-system_7/vendor/laravel/framework/src/Illuminate/Foundation/Http/Kernel.php(201): Illuminate/Routing/Router->dispatch(Object(Illuminate/Http/Request))
#19 G:/ilbc-management-system_7/vendor/laravel/framework/src/Illuminate/Pipeline/Pipeline.php(170): Illuminate/Foundation/Http/Kernel->Illuminate/Foundation/Http/{closure}(Object(Illuminate/Http/Request))
#20 G:/ilbc-management-system_7/vendor/laravel/framework/src/Illuminate/Foundation/Http/Middleware/TransformsRequest.php(21): Illuminate/Pipeline/Pipeline->Illuminate/Pipeline/{closure}(Object(Illuminate/Http/Request))
#21 G:/ilbc-management-system_7/vendor/laravel/framework/src/Illuminate/Foundation/Http/Middleware/ConvertEmptyStringsToNull.php(31): Illuminate/Foundation/Http/Middleware/TransformsRequest->handle(Object(Illuminate/Http/Request), Object(Closure))
#22 G:/ilbc-management-system_7/vendor/laravel/framework/src/Illuminate/Pipeline/Pipeline.php(209): Illuminate/Foundation/Http/Middleware/ConvertEmptyStringsToNull->handle(Object(Illuminate/Http/Request), Object(Closure))
#23 G:/ilbc-management-system_7/vendor/laravel/framework/src/Illuminate/Foundation/Http/Middleware/TransformsRequest.php(21): Illuminate/Pipeline/Pipeline->Illuminate/Pipeline/{closure}(Object(Illuminate/Http/Request))
#24 G:/ilbc-management-system_7/vendor/laravel/framework/src/Illuminate/Foundation/Http/Middleware/TrimStrings.php(51): Illuminate/Foundation/Http/Middleware/TransformsRequest->handle(Object(Illuminate/Http/Request), Object(Closure))
#25 G:/ilbc-management-system_7/vendor/laravel/framework/src/Illuminate/Pipeline/Pipeline.php(209): Illuminate/Foundation/Http/Middleware/TrimStrings->handle(Object(Illuminate/Http/Request), Object(Closure))
#26 G:/ilbc-management-system_7/vendor/laravel/framework/src/Illuminate/Http/Middleware/ValidatePostSize.php(27): Illuminate/Pipeline/Pipeline->Illuminate/Pipeline/{closure}(Object(Illuminate/Http/Request))
#27 G:/ilbc-management-system_7/vendor/laravel/framework/src/Illuminate/Pipeline/Pipeline.php(209): Illuminate/Http/Middleware/ValidatePostSize->handle(Object(Illuminate/Http/Request), Object(Closure))
#28 G:/ilbc-management-system_7/vendor/laravel/framework/src/Illuminate/Foundation/Http/Middleware/PreventRequestsDuringMaintenance.php(110): Illuminate/Pipeline/Pipeline->Illuminate/Pipeline/{closure}(Object(Illuminate/Http/Request))
#29 G:/ilbc-management-system_7/vendor/laravel/framework/src/Illuminate/Pipeline/Pipeline.php(209): Illuminate/Foundation/Http/Middleware/PreventRequestsDuringMaintenance->handle(Object(Illuminate/Http/Request), Object(Closure))
#30 G:/ilbc-management-system_7/vendor/laravel/framework/src/Illuminate/Http/Middleware/HandleCors.php(49): Illuminate/Pipeline/Pipeline->Illuminate/Pipeline/{closure}(Object(Illuminate/Http/Request))
#31 G:/ilbc-management-system_7/vendor/laravel/framework/src/Illuminate/Pipeline/Pipeline.php(209): Illuminate/Http/Middleware/HandleCors->handle(Object(Illuminate/Http/Request), Object(Closure))
#32 G:/ilbc-management-system_7/vendor/laravel/framework/src/Illuminate/Http/Middleware/TrustProxies.php(58): Illuminate/Pipeline/Pipeline->Illuminate/Pipeline/{closure}(Object(Illuminate/Http/Request))
#33 G:/ilbc-management-system_7/vendor/laravel/framework/src/Illuminate/Pipeline/Pipeline.php(209): Illuminate/Http/Middleware/TrustProxies->handle(Object(Illuminate/Http/Request), Object(Closure))
#34 G:/ilbc-management-system_7/vendor/laravel/framework/src/Illuminate/Foundation/Http/Middleware/InvokeDeferredCallbacks.php(22): Illuminate/Pipeline/Pipeline->Illuminate/Pipeline/{closure}(Object(Illuminate/Http/Request))
#35 G:/ilbc-management-system_7/vendor/laravel/framework/src/Illuminate/Pipeline/Pipeline.php(209): Illuminate/Foundation/Http/Middleware/InvokeDeferredCallbacks->handle(Object(Illuminate/Http/Request), Object(Closure))
#36 G:/ilbc-management-system_7/vendor/laravel/framework/src/Illuminate/Pipeline/Pipeline.php(127): Illuminate/Pipeline/Pipeline->Illuminate/Pipeline/{closure}(Object(Illuminate/Http/Request))
#37 G:/ilbc-management-system_7/vendor/laravel/framework/src/Illuminate/Foundation/Http/Kernel.php(176): Illuminate/Pipeline/Pipeline->then(Object(Closure))
#38 G:/ilbc-management-system_7/vendor/laravel/framework/src/Illuminate/Foundation/Http/Kernel.php(145): Illuminate/Foundation/Http/Kernel->sendRequestThroughRouter(Object(Illuminate/Http/Request))
#39 G:/ilbc-management-system_7/vendor/laravel/framework/src/Illuminate/Foundation/Application.php(1220): Illuminate/Foundation/Http/Kernel->handle(Object(Illuminate/Http/Request))
#40 G:/ilbc-management-system_7/public/index.php(69): Illuminate/Foundation/Application->handleRequest(Object(Illuminate/Http/Request))
#41 G:/ilbc-management-system_7/vendor/laravel/framework/src/Illuminate/Foundation/resources/server.php(23): require_once('G://ilbc-managem...')
#42 {main}
"} 
[2026-09-09 19:54:02] local.ERROR: SQLSTATE[HY000] [2002] No connection could be made because the target machine actively refused it {"exception":"[object] (PDOException(code: 2002): SQLSTATE[HY000] [2002] No connection could be made because the target machine actively refused it at G:/ilbc-management-system_7/vendor/laravel/framework/src/Illuminate/Database/Connectors/Connector.php:66)
[stacktrace]
#0 G:/ilbc-management-system_7/vendor/laravel/framework/src/Illuminate/Database/Connectors/Connector.php(66): PDO->__construct('mysql:host=127....', 'root', Object(SensitiveParameterValue), Array)
#1 G:/ilbc-management-system_7/vendor/laravel/framework/src/Illuminate/Database/Connectors/Connector.php(85): Illuminate/Database/Connectors/Connector->createPdoConnection('mysql:host=127....', 'root', Object(SensitiveParameterValue), Array)
#2 G:/ilbc-management-system_7/vendor/laravel/framework/src/Illuminate/Database/Connectors/Connector.php(48): Illuminate/Database/Connectors/Connector->tryAgainIfCausedByLostConnection(Object(PDOException), 'mysql:host=127....', 'root', Object(SensitiveParameterValue), Array)
#3 G:/ilbc-management-system_7/vendor/laravel/framework/src/Illuminate/Database/Connectors/MySqlConnector.php(24): Illuminate/Database/Connectors/Connector->createConnection('mysql:host=127....', Array, Array)
#4 G:/ilbc-management-system_7/vendor/laravel/framework/src/Illuminate/Database/Connectors/ConnectionFactory.php(185): Illuminate/Database/Connectors/MySqlConnector->connect(Array)
#5 [internal function]: Illuminate/Database/Connectors/ConnectionFactory->Illuminate/Database/Connectors/{closure}()
#6 G:/ilbc-management-system_7/vendor/laravel/framework/src/Illuminate/Database/Connection.php(1231): call_user_func(Object(Closure))
#7 G:/ilbc-management-system_7/vendor/laravel/framework/src/Illuminate/Database/Concerns/ManagesTransactions.php(187): Illuminate/Database/Connection->getPdo()
#8 G:/ilbc-management-system_7/vendor/laravel/framework/src/Illuminate/Database/Concerns/ManagesTransactions.php(153): Illuminate/Database/Connection->handleBeginTransactionException(Object(PDOException))
#9 G:/ilbc-management-system_7/vendor/laravel/framework/src/Illuminate/Database/Concerns/ManagesTransactions.php(127): Illuminate/Database/Connection->createTransaction()
#10 G:/ilbc-management-system_7/vendor/laravel/framework/src/Illuminate/Database/Concerns/ManagesTransactions.php(26): Illuminate/Database/Connection->beginTransaction()
#11 G:/ilbc-management-system_7/vendor/laravel/framework/src/Illuminate/Database/DatabaseManager.php(495): Illuminate/Database/Connection->transaction(Object(Closure))
#12 G:/ilbc-management-system_7/vendor/laravel/framework/src/Illuminate/Support/Facades/Facade.php(361): Illuminate/Database/DatabaseManager->__call('transaction', Array)
#13 G:/ilbc-management-system_7/database/seeders/RolesAndPermissionsSeeder.php(103): Illuminate/Support/Facades/Facade::__callStatic('transaction', Array)
#14 G:/ilbc-management-system_7/vendor/laravel/framework/src/Illuminate/Container/BoundMethod.php(36): Database/Seeders/RolesAndPermissionsSeeder->run()
#15 G:/ilbc-management-system_7/vendor/laravel/framework/src/Illuminate/Container/Util.php(43): Illuminate/Container/BoundMethod::Illuminate/Container/{closure}()
#16 G:/ilbc-management-system_7/vendor/laravel/framework/src/Illuminate/Container/BoundMethod.php(95): Illuminate/Container/Util::unwrapIfClosure(Object(Closure))
#17 G:/ilbc-management-system_7/vendor/laravel/framework/src/Illuminate/Container/BoundMethod.php(35): Illuminate/Container/BoundMethod::callBoundMethod(Object(Illuminate/Foundation/Application), Array, Object(Closure))
#18 G:/ilbc-management-system_7/vendor/laravel/framework/src/Illuminate/Container/Container.php(696): Illuminate/Container/BoundMethod::call(Object(Illuminate/Foundation/Application), Array, Array, NULL)
#19 G:/ilbc-management-system_7/vendor/laravel/framework/src/Illuminate/Database/Seeder.php(188): Illuminate/Container/Container->call(Array, Array)
#20 G:/ilbc-management-system_7/vendor/laravel/framework/src/Illuminate/Database/Seeder.php(197): Illuminate/Database/Seeder->Illuminate/Database/{closure}()
#21 G:/ilbc-management-system_7/vendor/laravel/framework/src/Illuminate/Database/Seeder.php(61): Illuminate/Database/Seeder->__invoke(Array)
#22 G:/ilbc-management-system_7/database/seeders/DatabaseSeeder.php(25): Illuminate/Database/Seeder->call('Database//Seeder...')
#23 G:/ilbc-management-system_7/vendor/laravel/framework/src/Illuminate/Container/BoundMethod.php(36): Database/Seeders/DatabaseSeeder->run()
#24 G:/ilbc-management-system_7/vendor/laravel/framework/src/Illuminate/Container/Util.php(43): Illuminate/Container/BoundMethod::Illuminate/Container/{closure}()
#25 G:/ilbc-management-system_7/vendor/laravel/framework/src/Illuminate/Container/BoundMethod.php(95): Illuminate/Container/Util::unwrapIfClosure(Object(Closure))
#26 G:/ilbc-management-system_7/vendor/laravel/framework/src/Illuminate/Container/BoundMethod.php(35): Illuminate/Container/BoundMethod::callBoundMethod(Object(Illuminate/Foundation/Application), Array, Object(Closure))
#27 G:/ilbc-management-system_7/vendor/laravel/framework/src/Illuminate/Container/Container.php(696): Illuminate/Container/BoundMethod::call(Object(Illuminate/Foundation/Application), Array, Array, NULL)
#28 G:/ilbc-management-system_7/vendor/laravel/framework/src/Illuminate/Database/Seeder.php(188): Illuminate/Container/Container->call(Array, Array)
#29 G:/ilbc-management-system_7/vendor/laravel/framework/src/Illuminate/Database/Seeder.php(197): Illuminate/Database/Seeder->Illuminate/Database/{closure}()
#30 G:/ilbc-management-system_7/vendor/laravel/framework/src/Illuminate/Database/Console/Seeds/SeedCommand.php(70): Illuminate/Database/Seeder->__invoke()
#31 G:/ilbc-management-system_7/vendor/laravel/framework/src/Illuminate/Database/Eloquent/Concerns/GuardsAttributes.php(155): Illuminate/Database/Console/Seeds/SeedCommand->Illuminate/Database/Console/Seeds/{closure}()
#32 G:/ilbc-management-system_7/vendor/laravel/framework/src/Illuminate/Database/Console/Seeds/SeedCommand.php(69): Illuminate/Database/Eloquent/Model::unguarded(Object(Closure))
#33 G:/ilbc-management-system_7/vendor/laravel/framework/src/Illuminate/Container/BoundMethod.php(36): Illuminate/Database/Console/Seeds/SeedCommand->handle()
#34 G:/ilbc-management-system_7/vendor/laravel/framework/src/Illuminate/Container/Util.php(43): Illuminate/Container/BoundMethod::Illuminate/Container/{closure}()
#35 G:/ilbc-management-system_7/vendor/laravel/framework/src/Illuminate/Container/BoundMethod.php(95): Illuminate/Container/Util::unwrapIfClosure(Object(Closure))
#36 G:/ilbc-management-system_7/vendor/laravel/framework/src/Illuminate/Container/BoundMethod.php(35): Illuminate/Container/BoundMethod::callBoundMethod(Object(Illuminate/Foundation/Application), Array, Object(Closure))
#37 G:/ilbc-management-system_7/vendor/laravel/framework/src/Illuminate/Container/Container.php(696): Illuminate/Container/BoundMethod::call(Object(Illuminate/Foundation/Application), Array, Array, NULL)
#38 G:/ilbc-management-system_7/vendor/laravel/framework/src/Illuminate/Console/Command.php(213): Illuminate/Container/Container->call(Array)
#39 G:/ilbc-management-system_7/vendor/symfony/console/Command/Command.php(341): Illuminate/Console/Command->execute(Object(Symfony/Component/Console/Input/ArgvInput), Object(Illuminate/Console/OutputStyle))
#40 G:/ilbc-management-system_7/vendor/laravel/framework/src/Illuminate/Console/Command.php(182): Symfony/Component/Console/Command/Command->run(Object(Symfony/Component/Console/Input/ArgvInput), Object(Illuminate/Console/OutputStyle))
#41 G:/ilbc-management-system_7/vendor/symfony/console/Application.php(1117): Illuminate/Console/Command->run(Object(Symfony/Component/Console/Input/ArgvInput), Object(Symfony/Component/Console/Output/ConsoleOutput))
#42 G:/ilbc-management-system_7/vendor/symfony/console/Application.php(356): Symfony/Component/Console/Application->doRunCommand(Object(Illuminate/Database/Console/Seeds/SeedCommand), Object(Symfony/Component/Console/Input/ArgvInput), Object(Symfony/Component/Console/Output/ConsoleOutput))
#43 G:/ilbc-management-system_7/vendor/symfony/console/Application.php(195): Symfony/Component/Console/Application->doRun(Object(Symfony/Component/Console/Input/ArgvInput), Object(Symfony/Component/Console/Output/ConsoleOutput))
#44 G:/ilbc-management-system_7/vendor/laravel/framework/src/Illuminate/Foundation/Console/Kernel.php(198): Symfony/Component/Console/Application->run(Object(Symfony/Component/Console/Input/ArgvInput), Object(Symfony/Component/Console/Output/ConsoleOutput))
#45 G:/ilbc-management-system_7/vendor/laravel/framework/src/Illuminate/Foundation/Application.php(1235): Illuminate/Foundation/Console/Kernel->handle(Object(Symfony/Component/Console/Input/ArgvInput), Object(Symfony/Component/Console/Output/ConsoleOutput))
#46 G:/ilbc-management-system_7/artisan(16): Illuminate/Foundation/Application->handleCommand(Object(Symfony/Component/Console/Input/ArgvInput))
#47 {main}
"} 
[2026-09-09 19:55:37] local.ERROR: SQLSTATE[42S02]: Base table or view not found: 1146 Table 'ilbc_management.salespeople' doesn't exist (Connection: mysql, SQL: select * from `salespeople` where (`code` = SP-0001) and `salespeople`.`deleted_at` is null limit 1) {"exception":"[object] (Illuminate\\Database\\QueryException(code: 42S02): SQLSTATE[42S02]: Base table or view not found: 1146 Table 'ilbc_management.salespeople' doesn't exist (Connection: mysql, SQL: select * from `salespeople` where (`code` = SP-0001) and `salespeople`.`deleted_at` is null limit 1) at G:/ilbc-management-system_7/vendor/laravel/framework/src/Illuminate/Database/Connection.php:825)
[stacktrace]
#0 G:/ilbc-management-system_7/vendor/laravel/framework/src/Illuminate/Database/Connection.php(779): Illuminate/Database/Connection->runQueryCallback('select * from `...', Array, Object(Closure))
#1 G:/ilbc-management-system_7/vendor/laravel/framework/src/Illuminate/Database/Connection.php(398): Illuminate/Database/Connection->run('select * from `...', Array, Object(Closure))
#2 G:/ilbc-management-system_7/vendor/laravel/framework/src/Illuminate/Database/Query/Builder.php(3106): Illuminate/Database/Connection->select('select * from `...', Array, true)
#3 G:/ilbc-management-system_7/vendor/laravel/framework/src/Illuminate/Database/Query/Builder.php(3091): Illuminate/Database/Query/Builder->runSelect()
#4 G:/ilbc-management-system_7/vendor/laravel/framework/src/Illuminate/Database/Query/Builder.php(3676): Illuminate/Database/Query/Builder->Illuminate/Database/Query/{closure}()
#5 G:/ilbc-management-system_7/vendor/laravel/framework/src/Illuminate/Database/Query/Builder.php(3090): Illuminate/Database/Query/Builder->onceWithColumns(Array, Object(Closure))
#6 G:/ilbc-management-system_7/vendor/laravel/framework/src/Illuminate/Database/Eloquent/Builder.php(811): Illuminate/Database/Query/Builder->get(Array)
#7 G:/ilbc-management-system_7/vendor/laravel/framework/src/Illuminate/Database/Eloquent/Builder.php(793): Illuminate/Database/Eloquent/Builder->getModels(Array)
#8 G:/ilbc-management-system_7/vendor/laravel/framework/src/Illuminate/Database/Concerns/BuildsQueries.php(343): Illuminate/Database/Eloquent/Builder->get(Array)
#9 G:/ilbc-management-system_7/vendor/laravel/framework/src/Illuminate/Database/Eloquent/Builder.php(617): Illuminate/Database/Eloquent/Builder->first()
#10 G:/ilbc-management-system_7/vendor/laravel/framework/src/Illuminate/Support/Traits/ForwardsCalls.php(23): Illuminate/Database/Eloquent/Builder->firstOrCreate(Array, Array)
#11 G:/ilbc-management-system_7/vendor/laravel/framework/src/Illuminate/Database/Eloquent/Model.php(2372): Illuminate/Database/Eloquent/Model->forwardCallTo(Object(Illuminate/Database/Eloquent/Builder), 'firstOrCreate', Array)
#12 G:/ilbc-management-system_7/vendor/laravel/framework/src/Illuminate/Database/Eloquent/Model.php(2384): Illuminate/Database/Eloquent/Model->__call('firstOrCreate', Array)
#13 G:/ilbc-management-system_7/database/seeders/DemoDataSeeder.php(54): Illuminate/Database/Eloquent/Model::__callStatic('firstOrCreate', Array)
#14 G:/ilbc-management-system_7/vendor/laravel/framework/src/Illuminate/Container/BoundMethod.php(36): Database/Seeders/DemoDataSeeder->run()
#15 G:/ilbc-management-system_7/vendor/laravel/framework/src/Illuminate/Container/Util.php(43): Illuminate/Container/BoundMethod::Illuminate/Container/{closure}()
#16 G:/ilbc-management-system_7/vendor/laravel/framework/src/Illuminate/Container/BoundMethod.php(95): Illuminate/Container/Util::unwrapIfClosure(Object(Closure))
#17 G:/ilbc-management-system_7/vendor/laravel/framework/src/Illuminate/Container/BoundMethod.php(35): Illuminate/Container/BoundMethod::callBoundMethod(Object(Illuminate/Foundation/Application), Array, Object(Closure))
#18 G:/ilbc-management-system_7/vendor/laravel/framework/src/Illuminate/Container/Container.php(696): Illuminate/Container/BoundMethod::call(Object(Illuminate/Foundation/Application), Array, Array, NULL)
#19 G:/ilbc-management-system_7/vendor/laravel/framework/src/Illuminate/Database/Seeder.php(188): Illuminate/Container/Container->call(Array, Array)
#20 G:/ilbc-management-system_7/vendor/laravel/framework/src/Illuminate/Database/Seeder.php(197): Illuminate/Database/Seeder->Illuminate/Database/{closure}()
#21 G:/ilbc-management-system_7/vendor/laravel/framework/src/Illuminate/Database/Console/Seeds/SeedCommand.php(70): Illuminate/Database/Seeder->__invoke()
#22 G:/ilbc-management-system_7/vendor/laravel/framework/src/Illuminate/Database/Eloquent/Concerns/GuardsAttributes.php(155): Illuminate/Database/Console/Seeds/SeedCommand->Illuminate/Database/Console/Seeds/{closure}()
#23 G:/ilbc-management-system_7/vendor/laravel/framework/src/Illuminate/Database/Console/Seeds/SeedCommand.php(69): Illuminate/Database/Eloquent/Model::unguarded(Object(Closure))
#24 G:/ilbc-management-system_7/vendor/laravel/framework/src/Illuminate/Container/BoundMethod.php(36): Illuminate/Database/Console/Seeds/SeedCommand->handle()
#25 G:/ilbc-management-system_7/vendor/laravel/framework/src/Illuminate/Container/Util.php(43): Illuminate/Container/BoundMethod::Illuminate/Container/{closure}()
#26 G:/ilbc-management-system_7/vendor/laravel/framework/src/Illuminate/Container/BoundMethod.php(95): Illuminate/Container/Util::unwrapIfClosure(Object(Closure))
#27 G:/ilbc-management-system_7/vendor/laravel/framework/src/Illuminate/Container/BoundMethod.php(35): Illuminate/Container/BoundMethod::callBoundMethod(Object(Illuminate/Foundation/Application), Array, Object(Closure))
#28 G:/ilbc-management-system_7/vendor/laravel/framework/src/Illuminate/Container/Container.php(696): Illuminate/Container/BoundMethod::call(Object(Illuminate/Foundation/Application), Array, Array, NULL)
#29 G:/ilbc-management-system_7/vendor/laravel/framework/src/Illuminate/Console/Command.php(213): Illuminate/Container/Container->call(Array)
#30 G:/ilbc-management-system_7/vendor/symfony/console/Command/Command.php(341): Illuminate/Console/Command->execute(Object(Symfony/Component/Console/Input/ArgvInput), Object(Illuminate/Console/OutputStyle))
#31 G:/ilbc-management-system_7/vendor/laravel/framework/src/Illuminate/Console/Command.php(182): Symfony/Component/Console/Command/Command->run(Object(Symfony/Component/Console/Input/ArgvInput), Object(Illuminate/Console/OutputStyle))
#32 G:/ilbc-management-system_7/vendor/symfony/console/Application.php(1117): Illuminate/Console/Command->run(Object(Symfony/Component/Console/Input/ArgvInput), Object(Symfony/Component/Console/Output/ConsoleOutput))
#33 G:/ilbc-management-system_7/vendor/symfony/console/Application.php(356): Symfony/Component/Console/Application->doRunCommand(Object(Illuminate/Database/Console/Seeds/SeedCommand), Object(Symfony/Component/Console/Input/ArgvInput), Object(Symfony/Component/Console/Output/ConsoleOutput))
#34 G:/ilbc-management-system_7/vendor/symfony/console/Application.php(195): Symfony/Component/Console/Application->doRun(Object(Symfony/Component/Console/Input/ArgvInput), Object(Symfony/Component/Console/Output/ConsoleOutput))
#35 G:/ilbc-management-system_7/vendor/laravel/framework/src/Illuminate/Foundation/Console/Kernel.php(198): Symfony/Component/Console/Application->run(Object(Symfony/Component/Console/Input/ArgvInput), Object(Symfony/Component/Console/Output/ConsoleOutput))
#36 G:/ilbc-management-system_7/vendor/laravel/framework/src/Illuminate/Foundation/Application.php(1235): Illuminate/Foundation/Console/Kernel->handle(Object(Symfony/Component/Console/Input/ArgvInput), Object(Symfony/Component/Console/Output/ConsoleOutput))
#37 G:/ilbc-management-system_7/artisan(16): Illuminate/Foundation/Application->handleCommand(Object(Symfony/Component/Console/Input/ArgvInput))
#38 {main}

[previous exception] [object] (PDOException(code: 42S02): SQLSTATE[42S02]: Base table or view not found: 1146 Table 'ilbc_management.salespeople' doesn't exist at G:/ilbc-management-system_7/vendor/laravel/framework/src/Illuminate/Database/Connection.php:407)
[stacktrace]
#0 G:/ilbc-management-system_7/vendor/laravel/framework/src/Illuminate/Database/Connection.php(407): PDO->prepare('select * from `...')
#1 G:/ilbc-management-system_7/vendor/laravel/framework/src/Illuminate/Database/Connection.php(812): Illuminate/Database/Connection->Illuminate/Database/{closure}('select * from `...', Array)
#2 G:/ilbc-management-system_7/vendor/laravel/framework/src/Illuminate/Database/Connection.php(779): Illuminate/Database/Connection->runQueryCallback('select * from `...', Array, Object(Closure))
#3 G:/ilbc-management-system_7/vendor/laravel/framework/src/Illuminate/Database/Connection.php(398): Illuminate/Database/Connection->run('select * from `...', Array, Object(Closure))
#4 G:/ilbc-management-system_7/vendor/laravel/framework/src/Illuminate/Database/Query/Builder.php(3106): Illuminate/Database/Connection->select('select * from `...', Array, true)
#5 G:/ilbc-management-system_7/vendor/laravel/framework/src/Illuminate/Database/Query/Builder.php(3091): Illuminate/Database/Query/Builder->runSelect()
#6 G:/ilbc-management-system_7/vendor/laravel/framework/src/Illuminate/Database/Query/Builder.php(3676): Illuminate/Database/Query/Builder->Illuminate/Database/Query/{closure}()
#7 G:/ilbc-management-system_7/vendor/laravel/framework/src/Illuminate/Database/Query/Builder.php(3090): Illuminate/Database/Query/Builder->onceWithColumns(Array, Object(Closure))
#8 G:/ilbc-management-system_7/vendor/laravel/framework/src/Illuminate/Database/Eloquent/Builder.php(811): Illuminate/Database/Query/Builder->get(Array)
#9 G:/ilbc-management-system_7/vendor/laravel/framework/src/Illuminate/Database/Eloquent/Builder.php(793): Illuminate/Database/Eloquent/Builder->getModels(Array)
#10 G:/ilbc-management-system_7/vendor/laravel/framework/src/Illuminate/Database/Concerns/BuildsQueries.php(343): Illuminate/Database/Eloquent/Builder->get(Array)
#11 G:/ilbc-management-system_7/vendor/laravel/framework/src/Illuminate/Database/Eloquent/Builder.php(617): Illuminate/Database/Eloquent/Builder->first()
#12 G:/ilbc-management-system_7/vendor/laravel/framework/src/Illuminate/Support/Traits/ForwardsCalls.php(23): Illuminate/Database/Eloquent/Builder->firstOrCreate(Array, Array)
#13 G:/ilbc-management-system_7/vendor/laravel/framework/src/Illuminate/Database/Eloquent/Model.php(2372): Illuminate/Database/Eloquent/Model->forwardCallTo(Object(Illuminate/Database/Eloquent/Builder), 'firstOrCreate', Array)
#14 G:/ilbc-management-system_7/vendor/laravel/framework/src/Illuminate/Database/Eloquent/Model.php(2384): Illuminate/Database/Eloquent/Model->__call('firstOrCreate', Array)
#15 G:/ilbc-management-system_7/database/seeders/DemoDataSeeder.php(54): Illuminate/Database/Eloquent/Model::__callStatic('firstOrCreate', Array)
#16 G:/ilbc-management-system_7/vendor/laravel/framework/src/Illuminate/Container/BoundMethod.php(36): Database/Seeders/DemoDataSeeder->run()
#17 G:/ilbc-management-system_7/vendor/laravel/framework/src/Illuminate/Container/Util.php(43): Illuminate/Container/BoundMethod::Illuminate/Container/{closure}()
#18 G:/ilbc-management-system_7/vendor/laravel/framework/src/Illuminate/Container/BoundMethod.php(95): Illuminate/Container/Util::unwrapIfClosure(Object(Closure))
#19 G:/ilbc-management-system_7/vendor/laravel/framework/src/Illuminate/Container/BoundMethod.php(35): Illuminate/Container/BoundMethod::callBoundMethod(Object(Illuminate/Foundation/Application), Array, Object(Closure))
#20 G:/ilbc-management-system_7/vendor/laravel/framework/src/Illuminate/Container/Container.php(696): Illuminate/Container/BoundMethod::call(Object(Illuminate/Foundation/Application), Array, Array, NULL)
#21 G:/ilbc-management-system_7/vendor/laravel/framework/src/Illuminate/Database/Seeder.php(188): Illuminate/Container/Container->call(Array, Array)
#22 G:/ilbc-management-system_7/vendor/laravel/framework/src/Illuminate/Database/Seeder.php(197): Illuminate/Database/Seeder->Illuminate/Database/{closure}()
#23 G:/ilbc-management-system_7/vendor/laravel/framework/src/Illuminate/Database/Console/Seeds/SeedCommand.php(70): Illuminate/Database/Seeder->__invoke()
#24 G:/ilbc-management-system_7/vendor/laravel/framework/src/Illuminate/Database/Eloquent/Concerns/GuardsAttributes.php(155): Illuminate/Database/Console/Seeds/SeedCommand->Illuminate/Database/Console/Seeds/{closure}()
#25 G:/ilbc-management-system_7/vendor/laravel/framework/src/Illuminate/Database/Console/Seeds/SeedCommand.php(69): Illuminate/Database/Eloquent/Model::unguarded(Object(Closure))
#26 G:/ilbc-management-system_7/vendor/laravel/framework/src/Illuminate/Container/BoundMethod.php(36): Illuminate/Database/Console/Seeds/SeedCommand->handle()
#27 G:/ilbc-management-system_7/vendor/laravel/framework/src/Illuminate/Container/Util.php(43): Illuminate/Container/BoundMethod::Illuminate/Container/{closure}()
#28 G:/ilbc-management-system_7/vendor/laravel/framework/src/Illuminate/Container/BoundMethod.php(95): Illuminate/Container/Util::unwrapIfClosure(Object(Closure))
#29 G:/ilbc-management-system_7/vendor/laravel/framework/src/Illuminate/Container/BoundMethod.php(35): Illuminate/Container/BoundMethod::callBoundMethod(Object(Illuminate/Foundation/Application), Array, Object(Closure))
#30 G:/ilbc-management-system_7/vendor/laravel/framework/src/Illuminate/Container/Container.php(696): Illuminate/Container/BoundMethod::call(Object(Illuminate/Foundation/Application), Array, Array, NULL)
#31 G:/ilbc-management-system_7/vendor/laravel/framework/src/Illuminate/Console/Command.php(213): Illuminate/Container/Container->call(Array)
#32 G:/ilbc-management-system_7/vendor/symfony/console/Command/Command.php(341): Illuminate/Console/Command->execute(Object(Symfony/Component/Console/Input/ArgvInput), Object(Illuminate/Console/OutputStyle))
#33 G:/ilbc-management-system_7/vendor/laravel/framework/src/Illuminate/Console/Command.php(182): Symfony/Component/Console/Command/Command->run(Object(Symfony/Component/Console/Input/ArgvInput), Object(Illuminate/Console/OutputStyle))
#34 G:/ilbc-management-system_7/vendor/symfony/console/Application.php(1117): Illuminate/Console/Command->run(Object(Symfony/Component/Console/Input/ArgvInput), Object(Symfony/Component/Console/Output/ConsoleOutput))
#35 G:/ilbc-management-system_7/vendor/symfony/console/Application.php(356): Symfony/Component/Console/Application->doRunCommand(Object(Illuminate/Database/Console/Seeds/SeedCommand), Object(Symfony/Component/Console/Input/ArgvInput), Object(Symfony/Component/Console/Output/ConsoleOutput))
#36 G:/ilbc-management-system_7/vendor/symfony/console/Application.php(195): Symfony/Component/Console/Application->doRun(Object(Symfony/Component/Console/Input/ArgvInput), Object(Symfony/Component/Console/Output/ConsoleOutput))
#37 G:/ilbc-management-system_7/vendor/laravel/framework/src/Illuminate/Foundation/Console/Kernel.php(198): Symfony/Component/Console/Application->run(Object(Symfony/Component/Console/Input/ArgvInput), Object(Symfony/Component/Console/Output/ConsoleOutput))
#38 G:/ilbc-management-system_7/vendor/laravel/framework/src/Illuminate/Foundation/Application.php(1235): Illuminate/Foundation/Console/Kernel->handle(Object(Symfony/Component/Console/Input/ArgvInput), Object(Symfony/Component/Console/Output/ConsoleOutput))
#39 G:/ilbc-management-system_7/artisan(16): Illuminate/Foundation/Application->handleCommand(Object(Symfony/Component/Console/Input/ArgvInput))
#40 {main}
"} 
[2026-09-09 19:56:38] local.ERROR: There is no role named `Super Admin` for guard `web`. {"exception":"[object] (Spatie\\Permission\\Exceptions\\RoleDoesNotExist(code: 0): There is no role named `Super Admin` for guard `web`. at G:/ilbc-management-system_7/vendor/spatie/laravel-permission/src/Exceptions/RoleDoesNotExist.php:11)
[stacktrace]
#0 G:/ilbc-management-system_7/vendor/spatie/laravel-permission/src/Models/Role.php(113): Spatie/Permission/Exceptions/RoleDoesNotExist::named('Super Admin', 'web')
#1 G:/ilbc-management-system_7/vendor/spatie/laravel-permission/src/Traits/HasRoles.php(419): Spatie/Permission/Models/Role::findByName('Super Admin', 'web')
#2 G:/ilbc-management-system_7/vendor/spatie/laravel-permission/src/Traits/HasRoles.php(131): App/Models/User->getStoredRole('Super Admin')
#3 G:/ilbc-management-system_7/vendor/laravel/framework/src/Illuminate/Collections/Traits/EnumeratesValues.php(822): App/Models/User->Spatie/Permission/Traits/{closure}(Array, 'Super Admin', 0)
#4 G:/ilbc-management-system_7/vendor/spatie/laravel-permission/src/Traits/HasRoles.php(126): Illuminate/Support/Collection->reduce(Object(Closure), Array)
#5 G:/ilbc-management-system_7/vendor/spatie/laravel-permission/src/Traits/HasRoles.php(227): App/Models/User->collectRoles(Array)
#6 G:/ilbc-management-system_7/database/seeders/DemoDataSeeder.php(50): App/Models/User->syncRoles(Array)
#7 G:/ilbc-management-system_7/vendor/laravel/framework/src/Illuminate/Container/BoundMethod.php(36): Database/Seeders/DemoDataSeeder->run()
#8 G:/ilbc-management-system_7/vendor/laravel/framework/src/Illuminate/Container/Util.php(43): Illuminate/Container/BoundMethod::Illuminate/Container/{closure}()
#9 G:/ilbc-management-system_7/vendor/laravel/framework/src/Illuminate/Container/BoundMethod.php(95): Illuminate/Container/Util::unwrapIfClosure(Object(Closure))
#10 G:/ilbc-management-system_7/vendor/laravel/framework/src/Illuminate/Container/BoundMethod.php(35): Illuminate/Container/BoundMethod::callBoundMethod(Object(Illuminate/Foundation/Application), Array, Object(Closure))
#11 G:/ilbc-management-system_7/vendor/laravel/framework/src/Illuminate/Container/Container.php(696): Illuminate/Container/BoundMethod::call(Object(Illuminate/Foundation/Application), Array, Array, NULL)
#12 G:/ilbc-management-system_7/vendor/laravel/framework/src/Illuminate/Database/Seeder.php(188): Illuminate/Container/Container->call(Array, Array)
#13 G:/ilbc-management-system_7/vendor/laravel/framework/src/Illuminate/Database/Seeder.php(197): Illuminate/Database/Seeder->Illuminate/Database/{closure}()
#14 G:/ilbc-management-system_7/vendor/laravel/framework/src/Illuminate/Database/Seeder.php(61): Illuminate/Database/Seeder->__invoke(Array)
#15 G:/ilbc-management-system_7/database/seeders/DatabaseSeeder.php(25): Illuminate/Database/Seeder->call('Database//Seeder...')
#16 G:/ilbc-management-system_7/vendor/laravel/framework/src/Illuminate/Container/BoundMethod.php(36): Database/Seeders/DatabaseSeeder->run()
#17 G:/ilbc-management-system_7/vendor/laravel/framework/src/Illuminate/Container/Util.php(43): Illuminate/Container/BoundMethod::Illuminate/Container/{closure}()
#18 G:/ilbc-management-system_7/vendor/laravel/framework/src/Illuminate/Container/BoundMethod.php(95): Illuminate/Container/Util::unwrapIfClosure(Object(Closure))
#19 G:/ilbc-management-system_7/vendor/laravel/framework/src/Illuminate/Container/BoundMethod.php(35): Illuminate/Container/BoundMethod::callBoundMethod(Object(Illuminate/Foundation/Application), Array, Object(Closure))
#20 G:/ilbc-management-system_7/vendor/laravel/framework/src/Illuminate/Container/Container.php(696): Illuminate/Container/BoundMethod::call(Object(Illuminate/Foundation/Application), Array, Array, NULL)
#21 G:/ilbc-management-system_7/vendor/laravel/framework/src/Illuminate/Database/Seeder.php(188): Illuminate/Container/Container->call(Array, Array)
#22 G:/ilbc-management-system_7/vendor/laravel/framework/src/Illuminate/Database/Seeder.php(197): Illuminate/Database/Seeder->Illuminate/Database/{closure}()
#23 G:/ilbc-management-system_7/vendor/laravel/framework/src/Illuminate/Database/Console/Seeds/SeedCommand.php(70): Illuminate/Database/Seeder->__invoke()
#24 G:/ilbc-management-system_7/vendor/laravel/framework/src/Illuminate/Database/Eloquent/Concerns/GuardsAttributes.php(155): Illuminate/Database/Console/Seeds/SeedCommand->Illuminate/Database/Console/Seeds/{closure}()
#25 G:/ilbc-management-system_7/vendor/laravel/framework/src/Illuminate/Database/Console/Seeds/SeedCommand.php(69): Illuminate/Database/Eloquent/Model::unguarded(Object(Closure))
#26 G:/ilbc-management-system_7/vendor/laravel/framework/src/Illuminate/Container/BoundMethod.php(36): Illuminate/Database/Console/Seeds/SeedCommand->handle()
#27 G:/ilbc-management-system_7/vendor/laravel/framework/src/Illuminate/Container/Util.php(43): Illuminate/Container/BoundMethod::Illuminate/Container/{closure}()
#28 G:/ilbc-management-system_7/vendor/laravel/framework/src/Illuminate/Container/BoundMethod.php(95): Illuminate/Container/Util::unwrapIfClosure(Object(Closure))
#29 G:/ilbc-management-system_7/vendor/laravel/framework/src/Illuminate/Container/BoundMethod.php(35): Illuminate/Container/BoundMethod::callBoundMethod(Object(Illuminate/Foundation/Application), Array, Object(Closure))
#30 G:/ilbc-management-system_7/vendor/laravel/framework/src/Illuminate/Container/Container.php(696): Illuminate/Container/BoundMethod::call(Object(Illuminate/Foundation/Application), Array, Array, NULL)
#31 G:/ilbc-management-system_7/vendor/laravel/framework/src/Illuminate/Console/Command.php(213): Illuminate/Container/Container->call(Array)
#32 G:/ilbc-management-system_7/vendor/symfony/console/Command/Command.php(341): Illuminate/Console/Command->execute(Object(Symfony/Component/Console/Input/ArgvInput), Object(Illuminate/Console/OutputStyle))
#33 G:/ilbc-management-system_7/vendor/laravel/framework/src/Illuminate/Console/Command.php(182): Symfony/Component/Console/Command/Command->run(Object(Symfony/Component/Console/Input/ArgvInput), Object(Illuminate/Console/OutputStyle))
#34 G:/ilbc-management-system_7/vendor/symfony/console/Application.php(1117): Illuminate/Console/Command->run(Object(Symfony/Component/Console/Input/ArgvInput), Object(Symfony/Component/Console/Output/ConsoleOutput))
#35 G:/ilbc-management-system_7/vendor/symfony/console/Application.php(356): Symfony/Component/Console/Application->doRunCommand(Object(Illuminate/Database/Console/Seeds/SeedCommand), Object(Symfony/Component/Console/Input/ArgvInput), Object(Symfony/Component/Console/Output/ConsoleOutput))
#36 G:/ilbc-management-system_7/vendor/symfony/console/Application.php(195): Symfony/Component/Console/Application->doRun(Object(Symfony/Component/Console/Input/ArgvInput), Object(Symfony/Component/Console/Output/ConsoleOutput))
#37 G:/ilbc-management-system_7/vendor/laravel/framework/src/Illuminate/Foundation/Console/Kernel.php(198): Symfony/Component/Console/Application->run(Object(Symfony/Component/Console/Input/ArgvInput), Object(Symfony/Component/Console/Output/ConsoleOutput))
#38 G:/ilbc-management-system_7/vendor/laravel/framework/src/Illuminate/Foundation/Application.php(1235): Illuminate/Foundation/Console/Kernel->handle(Object(Symfony/Component/Console/Input/ArgvInput), Object(Symfony/Component/Console/Output/ConsoleOutput))
#39 G:/ilbc-management-system_7/artisan(16): Illuminate/Foundation/Application->handleCommand(Object(Symfony/Component/Console/Input/ArgvInput))
#40 {main}
"} 
[2026-09-09 19:57:11] local.ERROR: SQLSTATE[42S02]: Base table or view not found: 1146 Table 'ilbc_management.salespeople' doesn't exist (Connection: mysql, SQL: select * from `salespeople` where (`code` = SP-0001) and `salespeople`.`deleted_at` is null limit 1) {"exception":"[object] (Illuminate\\Database\\QueryException(code: 42S02): SQLSTATE[42S02]: Base table or view not found: 1146 Table 'ilbc_management.salespeople' doesn't exist (Connection: mysql, SQL: select * from `salespeople` where (`code` = SP-0001) and `salespeople`.`deleted_at` is null limit 1) at G:/ilbc-management-system_7/vendor/laravel/framework/src/Illuminate/Database/Connection.php:825)
[stacktrace]
#0 G:/ilbc-management-system_7/vendor/laravel/framework/src/Illuminate/Database/Connection.php(779): Illuminate/Database/Connection->runQueryCallback('select * from `...', Array, Object(Closure))
#1 G:/ilbc-management-system_7/vendor/laravel/framework/src/Illuminate/Database/Connection.php(398): Illuminate/Database/Connection->run('select * from `...', Array, Object(Closure))
#2 G:/ilbc-management-system_7/vendor/laravel/framework/src/Illuminate/Database/Query/Builder.php(3106): Illuminate/Database/Connection->select('select * from `...', Array, true)
#3 G:/ilbc-management-system_7/vendor/laravel/framework/src/Illuminate/Database/Query/Builder.php(3091): Illuminate/Database/Query/Builder->runSelect()
#4 G:/ilbc-management-system_7/vendor/laravel/framework/src/Illuminate/Database/Query/Builder.php(3676): Illuminate/Database/Query/Builder->Illuminate/Database/Query/{closure}()
#5 G:/ilbc-management-system_7/vendor/laravel/framework/src/Illuminate/Database/Query/Builder.php(3090): Illuminate/Database/Query/Builder->onceWithColumns(Array, Object(Closure))
#6 G:/ilbc-management-system_7/vendor/laravel/framework/src/Illuminate/Database/Eloquent/Builder.php(811): Illuminate/Database/Query/Builder->get(Array)
#7 G:/ilbc-management-system_7/vendor/laravel/framework/src/Illuminate/Database/Eloquent/Builder.php(793): Illuminate/Database/Eloquent/Builder->getModels(Array)
#8 G:/ilbc-management-system_7/vendor/laravel/framework/src/Illuminate/Database/Concerns/BuildsQueries.php(343): Illuminate/Database/Eloquent/Builder->get(Array)
#9 G:/ilbc-management-system_7/vendor/laravel/framework/src/Illuminate/Database/Eloquent/Builder.php(617): Illuminate/Database/Eloquent/Builder->first()
#10 G:/ilbc-management-system_7/vendor/laravel/framework/src/Illuminate/Support/Traits/ForwardsCalls.php(23): Illuminate/Database/Eloquent/Builder->firstOrCreate(Array, Array)
#11 G:/ilbc-management-system_7/vendor/laravel/framework/src/Illuminate/Database/Eloquent/Model.php(2372): Illuminate/Database/Eloquent/Model->forwardCallTo(Object(Illuminate/Database/Eloquent/Builder), 'firstOrCreate', Array)
#12 G:/ilbc-management-system_7/vendor/laravel/framework/src/Illuminate/Database/Eloquent/Model.php(2384): Illuminate/Database/Eloquent/Model->__call('firstOrCreate', Array)
#13 G:/ilbc-management-system_7/database/seeders/DemoDataSeeder.php(54): Illuminate/Database/Eloquent/Model::__callStatic('firstOrCreate', Array)
#14 G:/ilbc-management-system_7/vendor/laravel/framework/src/Illuminate/Container/BoundMethod.php(36): Database/Seeders/DemoDataSeeder->run()
#15 G:/ilbc-management-system_7/vendor/laravel/framework/src/Illuminate/Container/Util.php(43): Illuminate/Container/BoundMethod::Illuminate/Container/{closure}()
#16 G:/ilbc-management-system_7/vendor/laravel/framework/src/Illuminate/Container/BoundMethod.php(95): Illuminate/Container/Util::unwrapIfClosure(Object(Closure))
#17 G:/ilbc-management-system_7/vendor/laravel/framework/src/Illuminate/Container/BoundMethod.php(35): Illuminate/Container/BoundMethod::callBoundMethod(Object(Illuminate/Foundation/Application), Array, Object(Closure))
#18 G:/ilbc-management-system_7/vendor/laravel/framework/src/Illuminate/Container/Container.php(696): Illuminate/Container/BoundMethod::call(Object(Illuminate/Foundation/Application), Array, Array, NULL)
#19 G:/ilbc-management-system_7/vendor/laravel/framework/src/Illuminate/Database/Seeder.php(188): Illuminate/Container/Container->call(Array, Array)
#20 G:/ilbc-management-system_7/vendor/laravel/framework/src/Illuminate/Database/Seeder.php(197): Illuminate/Database/Seeder->Illuminate/Database/{closure}()
#21 G:/ilbc-management-system_7/vendor/laravel/framework/src/Illuminate/Database/Seeder.php(61): Illuminate/Database/Seeder->__invoke(Array)
#22 G:/ilbc-management-system_7/database/seeders/DatabaseSeeder.php(25): Illuminate/Database/Seeder->call('Database//Seeder...')
#23 G:/ilbc-management-system_7/vendor/laravel/framework/src/Illuminate/Container/BoundMethod.php(36): Database/Seeders/DatabaseSeeder->run()
#24 G:/ilbc-management-system_7/vendor/laravel/framework/src/Illuminate/Container/Util.php(43): Illuminate/Container/BoundMethod::Illuminate/Container/{closure}()
#25 G:/ilbc-management-system_7/vendor/laravel/framework/src/Illuminate/Container/BoundMethod.php(95): Illuminate/Container/Util::unwrapIfClosure(Object(Closure))
#26 G:/ilbc-management-system_7/vendor/laravel/framework/src/Illuminate/Container/BoundMethod.php(35): Illuminate/Container/BoundMethod::callBoundMethod(Object(Illuminate/Foundation/Application), Array, Object(Closure))
#27 G:/ilbc-management-system_7/vendor/laravel/framework/src/Illuminate/Container/Container.php(696): Illuminate/Container/BoundMethod::call(Object(Illuminate/Foundation/Application), Array, Array, NULL)
#28 G:/ilbc-management-system_7/vendor/laravel/framework/src/Illuminate/Database/Seeder.php(188): Illuminate/Container/Container->call(Array, Array)
#29 G:/ilbc-management-system_7/vendor/laravel/framework/src/Illuminate/Database/Seeder.php(197): Illuminate/Database/Seeder->Illuminate/Database/{closure}()
#30 G:/ilbc-management-system_7/vendor/laravel/framework/src/Illuminate/Database/Console/Seeds/SeedCommand.php(70): Illuminate/Database/Seeder->__invoke()
#31 G:/ilbc-management-system_7/vendor/laravel/framework/src/Illuminate/Database/Eloquent/Concerns/GuardsAttributes.php(155): Illuminate/Database/Console/Seeds/SeedCommand->Illuminate/Database/Console/Seeds/{closure}()
#32 G:/ilbc-management-system_7/vendor/laravel/framework/src/Illuminate/Database/Console/Seeds/SeedCommand.php(69): Illuminate/Database/Eloquent/Model::unguarded(Object(Closure))
#33 G:/ilbc-management-system_7/vendor/laravel/framework/src/Illuminate/Container/BoundMethod.php(36): Illuminate/Database/Console/Seeds/SeedCommand->handle()
#34 G:/ilbc-management-system_7/vendor/laravel/framework/src/Illuminate/Container/Util.php(43): Illuminate/Container/BoundMethod::Illuminate/Container/{closure}()
#35 G:/ilbc-management-system_7/vendor/laravel/framework/src/Illuminate/Container/BoundMethod.php(95): Illuminate/Container/Util::unwrapIfClosure(Object(Closure))
#36 G:/ilbc-management-system_7/vendor/laravel/framework/src/Illuminate/Container/BoundMethod.php(35): Illuminate/Container/BoundMethod::callBoundMethod(Object(Illuminate/Foundation/Application), Array, Object(Closure))
#37 G:/ilbc-management-system_7/vendor/laravel/framework/src/Illuminate/Container/Container.php(696): Illuminate/Container/BoundMethod::call(Object(Illuminate/Foundation/Application), Array, Array, NULL)
#38 G:/ilbc-management-system_7/vendor/laravel/framework/src/Illuminate/Console/Command.php(213): Illuminate/Container/Container->call(Array)
#39 G:/ilbc-management-system_7/vendor/symfony/console/Command/Command.php(341): Illuminate/Console/Command->execute(Object(Symfony/Component/Console/Input/ArgvInput), Object(Illuminate/Console/OutputStyle))
#40 G:/ilbc-management-system_7/vendor/laravel/framework/src/Illuminate/Console/Command.php(182): Symfony/Component/Console/Command/Command->run(Object(Symfony/Component/Console/Input/ArgvInput), Object(Illuminate/Console/OutputStyle))
#41 G:/ilbc-management-system_7/vendor/symfony/console/Application.php(1117): Illuminate/Console/Command->run(Object(Symfony/Component/Console/Input/ArgvInput), Object(Symfony/Component/Console/Output/ConsoleOutput))
#42 G:/ilbc-management-system_7/vendor/symfony/console/Application.php(356): Symfony/Component/Console/Application->doRunCommand(Object(Illuminate/Database/Console/Seeds/SeedCommand), Object(Symfony/Component/Console/Input/ArgvInput), Object(Symfony/Component/Console/Output/ConsoleOutput))
#43 G:/ilbc-management-system_7/vendor/symfony/console/Application.php(195): Symfony/Component/Console/Application->doRun(Object(Symfony/Component/Console/Input/ArgvInput), Object(Symfony/Component/Console/Output/ConsoleOutput))
#44 G:/ilbc-management-system_7/vendor/laravel/framework/src/Illuminate/Foundation/Console/Kernel.php(198): Symfony/Component/Console/Application->run(Object(Symfony/Component/Console/Input/ArgvInput), Object(Symfony/Component/Console/Output/ConsoleOutput))
#45 G:/ilbc-management-system_7/vendor/laravel/framework/src/Illuminate/Foundation/Application.php(1235): Illuminate/Foundation/Console/Kernel->handle(Object(Symfony/Component/Console/Input/ArgvInput), Object(Symfony/Component/Console/Output/ConsoleOutput))
#46 G:/ilbc-management-system_7/artisan(16): Illuminate/Foundation/Application->handleCommand(Object(Symfony/Component/Console/Input/ArgvInput))
#47 {main}

[previous exception] [object] (PDOException(code: 42S02): SQLSTATE[42S02]: Base table or view not found: 1146 Table 'ilbc_management.salespeople' doesn't exist at G:/ilbc-management-system_7/vendor/laravel/framework/src/Illuminate/Database/Connection.php:407)
[stacktrace]
#0 G:/ilbc-management-system_7/vendor/laravel/framework/src/Illuminate/Database/Connection.php(407): PDO->prepare('select * from `...')
#1 G:/ilbc-management-system_7/vendor/laravel/framework/src/Illuminate/Database/Connection.php(812): Illuminate/Database/Connection->Illuminate/Database/{closure}('select * from `...', Array)
#2 G:/ilbc-management-system_7/vendor/laravel/framework/src/Illuminate/Database/Connection.php(779): Illuminate/Database/Connection->runQueryCallback('select * from `...', Array, Object(Closure))
#3 G:/ilbc-management-system_7/vendor/laravel/framework/src/Illuminate/Database/Connection.php(398): Illuminate/Database/Connection->run('select * from `...', Array, Object(Closure))
#4 G:/ilbc-management-system_7/vendor/laravel/framework/src/Illuminate/Database/Query/Builder.php(3106): Illuminate/Database/Connection->select('select * from `...', Array, true)
#5 G:/ilbc-management-system_7/vendor/laravel/framework/src/Illuminate/Database/Query/Builder.php(3091): Illuminate/Database/Query/Builder->runSelect()
#6 G:/ilbc-management-system_7/vendor/laravel/framework/src/Illuminate/Database/Query/Builder.php(3676): Illuminate/Database/Query/Builder->Illuminate/Database/Query/{closure}()
#7 G:/ilbc-management-system_7/vendor/laravel/framework/src/Illuminate/Database/Query/Builder.php(3090): Illuminate/Database/Query/Builder->onceWithColumns(Array, Object(Closure))
#8 G:/ilbc-management-system_7/vendor/laravel/framework/src/Illuminate/Database/Eloquent/Builder.php(811): Illuminate/Database/Query/Builder->get(Array)
#9 G:/ilbc-management-system_7/vendor/laravel/framework/src/Illuminate/Database/Eloquent/Builder.php(793): Illuminate/Database/Eloquent/Builder->getModels(Array)
#10 G:/ilbc-management-system_7/vendor/laravel/framework/src/Illuminate/Database/Concerns/BuildsQueries.php(343): Illuminate/Database/Eloquent/Builder->get(Array)
#11 G:/ilbc-management-system_7/vendor/laravel/framework/src/Illuminate/Database/Eloquent/Builder.php(617): Illuminate/Database/Eloquent/Builder->first()
#12 G:/ilbc-management-system_7/vendor/laravel/framework/src/Illuminate/Support/Traits/ForwardsCalls.php(23): Illuminate/Database/Eloquent/Builder->firstOrCreate(Array, Array)
#13 G:/ilbc-management-system_7/vendor/laravel/framework/src/Illuminate/Database/Eloquent/Model.php(2372): Illuminate/Database/Eloquent/Model->forwardCallTo(Object(Illuminate/Database/Eloquent/Builder), 'firstOrCreate', Array)
#14 G:/ilbc-management-system_7/vendor/laravel/framework/src/Illuminate/Database/Eloquent/Model.php(2384): Illuminate/Database/Eloquent/Model->__call('firstOrCreate', Array)
#15 G:/ilbc-management-system_7/database/seeders/DemoDataSeeder.php(54): Illuminate/Database/Eloquent/Model::__callStatic('firstOrCreate', Array)
#16 G:/ilbc-management-system_7/vendor/laravel/framework/src/Illuminate/Container/BoundMethod.php(36): Database/Seeders/DemoDataSeeder->run()
#17 G:/ilbc-management-system_7/vendor/laravel/framework/src/Illuminate/Container/Util.php(43): Illuminate/Container/BoundMethod::Illuminate/Container/{closure}()
#18 G:/ilbc-management-system_7/vendor/laravel/framework/src/Illuminate/Container/BoundMethod.php(95): Illuminate/Container/Util::unwrapIfClosure(Object(Closure))
#19 G:/ilbc-management-system_7/vendor/laravel/framework/src/Illuminate/Container/BoundMethod.php(35): Illuminate/Container/BoundMethod::callBoundMethod(Object(Illuminate/Foundation/Application), Array, Object(Closure))
#20 G:/ilbc-management-system_7/vendor/laravel/framework/src/Illuminate/Container/Container.php(696): Illuminate/Container/BoundMethod::call(Object(Illuminate/Foundation/Application), Array, Array, NULL)
#21 G:/ilbc-management-system_7/vendor/laravel/framework/src/Illuminate/Database/Seeder.php(188): Illuminate/Container/Container->call(Array, Array)
#22 G:/ilbc-management-system_7/vendor/laravel/framework/src/Illuminate/Database/Seeder.php(197): Illuminate/Database/Seeder->Illuminate/Database/{closure}()
#23 G:/ilbc-management-system_7/vendor/laravel/framework/src/Illuminate/Database/Seeder.php(61): Illuminate/Database/Seeder->__invoke(Array)
#24 G:/ilbc-management-system_7/database/seeders/DatabaseSeeder.php(25): Illuminate/Database/Seeder->call('Database//Seeder...')
#25 G:/ilbc-management-system_7/vendor/laravel/framework/src/Illuminate/Container/BoundMethod.php(36): Database/Seeders/DatabaseSeeder->run()
#26 G:/ilbc-management-system_7/vendor/laravel/framework/src/Illuminate/Container/Util.php(43): Illuminate/Container/BoundMethod::Illuminate/Container/{closure}()
#27 G:/ilbc-management-system_7/vendor/laravel/framework/src/Illuminate/Container/BoundMethod.php(95): Illuminate/Container/Util::unwrapIfClosure(Object(Closure))
#28 G:/ilbc-management-system_7/vendor/laravel/framework/src/Illuminate/Container/BoundMethod.php(35): Illuminate/Container/BoundMethod::callBoundMethod(Object(Illuminate/Foundation/Application), Array, Object(Closure))
#29 G:/ilbc-management-system_7/vendor/laravel/framework/src/Illuminate/Container/Container.php(696): Illuminate/Container/BoundMethod::call(Object(Illuminate/Foundation/Application), Array, Array, NULL)
#30 G:/ilbc-management-system_7/vendor/laravel/framework/src/Illuminate/Database/Seeder.php(188): Illuminate/Container/Container->call(Array, Array)
#31 G:/ilbc-management-system_7/vendor/laravel/framework/src/Illuminate/Database/Seeder.php(197): Illuminate/Database/Seeder->Illuminate/Database/{closure}()
#32 G:/ilbc-management-system_7/vendor/laravel/framework/src/Illuminate/Database/Console/Seeds/SeedCommand.php(70): Illuminate/Database/Seeder->__invoke()
#33 G:/ilbc-management-system_7/vendor/laravel/framework/src/Illuminate/Database/Eloquent/Concerns/GuardsAttributes.php(155): Illuminate/Database/Console/Seeds/SeedCommand->Illuminate/Database/Console/Seeds/{closure}()
#34 G:/ilbc-management-system_7/vendor/laravel/framework/src/Illuminate/Database/Console/Seeds/SeedCommand.php(69): Illuminate/Database/Eloquent/Model::unguarded(Object(Closure))
#35 G:/ilbc-management-system_7/vendor/laravel/framework/src/Illuminate/Container/BoundMethod.php(36): Illuminate/Database/Console/Seeds/SeedCommand->handle()
#36 G:/ilbc-management-system_7/vendor/laravel/framework/src/Illuminate/Container/Util.php(43): Illuminate/Container/BoundMethod::Illuminate/Container/{closure}()
#37 G:/ilbc-management-system_7/vendor/laravel/framework/src/Illuminate/Container/BoundMethod.php(95): Illuminate/Container/Util::unwrapIfClosure(Object(Closure))
#38 G:/ilbc-management-system_7/vendor/laravel/framework/src/Illuminate/Container/BoundMethod.php(35): Illuminate/Container/BoundMethod::callBoundMethod(Object(Illuminate/Foundation/Application), Array, Object(Closure))
#39 G:/ilbc-management-system_7/vendor/laravel/framework/src/Illuminate/Container/Container.php(696): Illuminate/Container/BoundMethod::call(Object(Illuminate/Foundation/Application), Array, Array, NULL)
#40 G:/ilbc-management-system_7/vendor/laravel/framework/src/Illuminate/Console/Command.php(213): Illuminate/Container/Container->call(Array)
#41 G:/ilbc-management-system_7/vendor/symfony/console/Command/Command.php(341): Illuminate/Console/Command->execute(Object(Symfony/Component/Console/Input/ArgvInput), Object(Illuminate/Console/OutputStyle))
#42 G:/ilbc-management-system_7/vendor/laravel/framework/src/Illuminate/Console/Command.php(182): Symfony/Component/Console/Command/Command->run(Object(Symfony/Component/Console/Input/ArgvInput), Object(Illuminate/Console/OutputStyle))
#43 G:/ilbc-management-system_7/vendor/symfony/console/Application.php(1117): Illuminate/Console/Command->run(Object(Symfony/Component/Console/Input/ArgvInput), Object(Symfony/Component/Console/Output/ConsoleOutput))
#44 G:/ilbc-management-system_7/vendor/symfony/console/Application.php(356): Symfony/Component/Console/Application->doRunCommand(Object(Illuminate/Database/Console/Seeds/SeedCommand), Object(Symfony/Component/Console/Input/ArgvInput), Object(Symfony/Component/Console/Output/ConsoleOutput))
#45 G:/ilbc-management-system_7/vendor/symfony/console/Application.php(195): Symfony/Component/Console/Application->doRun(Object(Symfony/Component/Console/Input/ArgvInput), Object(Symfony/Component/Console/Output/ConsoleOutput))
#46 G:/ilbc-management-system_7/vendor/laravel/framework/src/Illuminate/Foundation/Console/Kernel.php(198): Symfony/Component/Console/Application->run(Object(Symfony/Component/Console/Input/ArgvInput), Object(Symfony/Component/Console/Output/ConsoleOutput))
#47 G:/ilbc-management-system_7/vendor/laravel/framework/src/Illuminate/Foundation/Application.php(1235): Illuminate/Foundation/Console/Kernel->handle(Object(Symfony/Component/Console/Input/ArgvInput), Object(Symfony/Component/Console/Output/ConsoleOutput))
#48 G:/ilbc-management-system_7/artisan(16): Illuminate/Foundation/Application->handleCommand(Object(Symfony/Component/Console/Input/ArgvInput))
#49 {main}
"} 
[2026-09-09 20:00:45] local.ERROR: SQLSTATE[42S02]: Base table or view not found: 1146 Table 'ilbc_management.salespeople' doesn't exist (Connection: mysql, SQL: select * from `salespeople` where (`code` = SP-0001) and `salespeople`.`deleted_at` is null limit 1) {"exception":"[object] (Illuminate\\Database\\QueryException(code: 42S02): SQLSTATE[42S02]: Base table or view not found: 1146 Table 'ilbc_management.salespeople' doesn't exist (Connection: mysql, SQL: select * from `salespeople` where (`code` = SP-0001) and `salespeople`.`deleted_at` is null limit 1) at G:/ilbc-management-system_7/vendor/laravel/framework/src/Illuminate/Database/Connection.php:825)
[stacktrace]
#0 G:/ilbc-management-system_7/vendor/laravel/framework/src/Illuminate/Database/Connection.php(779): Illuminate/Database/Connection->runQueryCallback('select * from `...', Array, Object(Closure))
#1 G:/ilbc-management-system_7/vendor/laravel/framework/src/Illuminate/Database/Connection.php(398): Illuminate/Database/Connection->run('select * from `...', Array, Object(Closure))
#2 G:/ilbc-management-system_7/vendor/laravel/framework/src/Illuminate/Database/Query/Builder.php(3106): Illuminate/Database/Connection->select('select * from `...', Array, true)
#3 G:/ilbc-management-system_7/vendor/laravel/framework/src/Illuminate/Database/Query/Builder.php(3091): Illuminate/Database/Query/Builder->runSelect()
#4 G:/ilbc-management-system_7/vendor/laravel/framework/src/Illuminate/Database/Query/Builder.php(3676): Illuminate/Database/Query/Builder->Illuminate/Database/Query/{closure}()
#5 G:/ilbc-management-system_7/vendor/laravel/framework/src/Illuminate/Database/Query/Builder.php(3090): Illuminate/Database/Query/Builder->onceWithColumns(Array, Object(Closure))
#6 G:/ilbc-management-system_7/vendor/laravel/framework/src/Illuminate/Database/Eloquent/Builder.php(811): Illuminate/Database/Query/Builder->get(Array)
#7 G:/ilbc-management-system_7/vendor/laravel/framework/src/Illuminate/Database/Eloquent/Builder.php(793): Illuminate/Database/Eloquent/Builder->getModels(Array)
#8 G:/ilbc-management-system_7/vendor/laravel/framework/src/Illuminate/Database/Concerns/BuildsQueries.php(343): Illuminate/Database/Eloquent/Builder->get(Array)
#9 G:/ilbc-management-system_7/vendor/laravel/framework/src/Illuminate/Database/Eloquent/Builder.php(617): Illuminate/Database/Eloquent/Builder->first()
#10 G:/ilbc-management-system_7/vendor/laravel/framework/src/Illuminate/Support/Traits/ForwardsCalls.php(23): Illuminate/Database/Eloquent/Builder->firstOrCreate(Array, Array)
#11 G:/ilbc-management-system_7/vendor/laravel/framework/src/Illuminate/Database/Eloquent/Model.php(2372): Illuminate/Database/Eloquent/Model->forwardCallTo(Object(Illuminate/Database/Eloquent/Builder), 'firstOrCreate', Array)
#12 G:/ilbc-management-system_7/vendor/laravel/framework/src/Illuminate/Database/Eloquent/Model.php(2384): Illuminate/Database/Eloquent/Model->__call('firstOrCreate', Array)
#13 G:/ilbc-management-system_7/database/seeders/DemoDataSeeder.php(54): Illuminate/Database/Eloquent/Model::__callStatic('firstOrCreate', Array)
#14 G:/ilbc-management-system_7/vendor/laravel/framework/src/Illuminate/Container/BoundMethod.php(36): Database/Seeders/DemoDataSeeder->run()
#15 G:/ilbc-management-system_7/vendor/laravel/framework/src/Illuminate/Container/Util.php(43): Illuminate/Container/BoundMethod::Illuminate/Container/{closure}()
#16 G:/ilbc-management-system_7/vendor/laravel/framework/src/Illuminate/Container/BoundMethod.php(95): Illuminate/Container/Util::unwrapIfClosure(Object(Closure))
#17 G:/ilbc-management-system_7/vendor/laravel/framework/src/Illuminate/Container/BoundMethod.php(35): Illuminate/Container/BoundMethod::callBoundMethod(Object(Illuminate/Foundation/Application), Array, Object(Closure))
#18 G:/ilbc-management-system_7/vendor/laravel/framework/src/Illuminate/Container/Container.php(696): Illuminate/Container/BoundMethod::call(Object(Illuminate/Foundation/Application), Array, Array, NULL)
#19 G:/ilbc-management-system_7/vendor/laravel/framework/src/Illuminate/Database/Seeder.php(188): Illuminate/Container/Container->call(Array, Array)
#20 G:/ilbc-management-system_7/vendor/laravel/framework/src/Illuminate/Database/Seeder.php(197): Illuminate/Database/Seeder->Illuminate/Database/{closure}()
#21 G:/ilbc-management-system_7/vendor/laravel/framework/src/Illuminate/Database/Seeder.php(61): Illuminate/Database/Seeder->__invoke(Array)
#22 G:/ilbc-management-system_7/database/seeders/DatabaseSeeder.php(25): Illuminate/Database/Seeder->call('Database//Seeder...')
#23 G:/ilbc-management-system_7/vendor/laravel/framework/src/Illuminate/Container/BoundMethod.php(36): Database/Seeders/DatabaseSeeder->run()
#24 G:/ilbc-management-system_7/vendor/laravel/framework/src/Illuminate/Container/Util.php(43): Illuminate/Container/BoundMethod::Illuminate/Container/{closure}()
#25 G:/ilbc-management-system_7/vendor/laravel/framework/src/Illuminate/Container/BoundMethod.php(95): Illuminate/Container/Util::unwrapIfClosure(Object(Closure))
#26 G:/ilbc-management-system_7/vendor/laravel/framework/src/Illuminate/Container/BoundMethod.php(35): Illuminate/Container/BoundMethod::callBoundMethod(Object(Illuminate/Foundation/Application), Array, Object(Closure))
#27 G:/ilbc-management-system_7/vendor/laravel/framework/src/Illuminate/Container/Container.php(696): Illuminate/Container/BoundMethod::call(Object(Illuminate/Foundation/Application), Array, Array, NULL)
#28 G:/ilbc-management-system_7/vendor/laravel/framework/src/Illuminate/Database/Seeder.php(188): Illuminate/Container/Container->call(Array, Array)
#29 G:/ilbc-management-system_7/vendor/laravel/framework/src/Illuminate/Database/Seeder.php(197): Illuminate/Database/Seeder->Illuminate/Database/{closure}()
#30 G:/ilbc-management-system_7/vendor/laravel/framework/src/Illuminate/Database/Console/Seeds/SeedCommand.php(70): Illuminate/Database/Seeder->__invoke()
#31 G:/ilbc-management-system_7/vendor/laravel/framework/src/Illuminate/Database/Eloquent/Concerns/GuardsAttributes.php(155): Illuminate/Database/Console/Seeds/SeedCommand->Illuminate/Database/Console/Seeds/{closure}()
#32 G:/ilbc-management-system_7/vendor/laravel/framework/src/Illuminate/Database/Console/Seeds/SeedCommand.php(69): Illuminate/Database/Eloquent/Model::unguarded(Object(Closure))
#33 G:/ilbc-management-system_7/vendor/laravel/framework/src/Illuminate/Container/BoundMethod.php(36): Illuminate/Database/Console/Seeds/SeedCommand->handle()
#34 G:/ilbc-management-system_7/vendor/laravel/framework/src/Illuminate/Container/Util.php(43): Illuminate/Container/BoundMethod::Illuminate/Container/{closure}()
#35 G:/ilbc-management-system_7/vendor/laravel/framework/src/Illuminate/Container/BoundMethod.php(95): Illuminate/Container/Util::unwrapIfClosure(Object(Closure))
#36 G:/ilbc-management-system_7/vendor/laravel/framework/src/Illuminate/Container/BoundMethod.php(35): Illuminate/Container/BoundMethod::callBoundMethod(Object(Illuminate/Foundation/Application), Array, Object(Closure))
#37 G:/ilbc-management-system_7/vendor/laravel/framework/src/Illuminate/Container/Container.php(696): Illuminate/Container/BoundMethod::call(Object(Illuminate/Foundation/Application), Array, Array, NULL)
#38 G:/ilbc-management-system_7/vendor/laravel/framework/src/Illuminate/Console/Command.php(213): Illuminate/Container/Container->call(Array)
#39 G:/ilbc-management-system_7/vendor/symfony/console/Command/Command.php(341): Illuminate/Console/Command->execute(Object(Symfony/Component/Console/Input/ArgvInput), Object(Illuminate/Console/OutputStyle))
#40 G:/ilbc-management-system_7/vendor/laravel/framework/src/Illuminate/Console/Command.php(182): Symfony/Component/Console/Command/Command->run(Object(Symfony/Component/Console/Input/ArgvInput), Object(Illuminate/Console/OutputStyle))
#41 G:/ilbc-management-system_7/vendor/symfony/console/Application.php(1117): Illuminate/Console/Command->run(Object(Symfony/Component/Console/Input/ArgvInput), Object(Symfony/Component/Console/Output/ConsoleOutput))
#42 G:/ilbc-management-system_7/vendor/symfony/console/Application.php(356): Symfony/Component/Console/Application->doRunCommand(Object(Illuminate/Database/Console/Seeds/SeedCommand), Object(Symfony/Component/Console/Input/ArgvInput), Object(Symfony/Component/Console/Output/ConsoleOutput))
#43 G:/ilbc-management-system_7/vendor/symfony/console/Application.php(195): Symfony/Component/Console/Application->doRun(Object(Symfony/Component/Console/Input/ArgvInput), Object(Symfony/Component/Console/Output/ConsoleOutput))
#44 G:/ilbc-management-system_7/vendor/laravel/framework/src/Illuminate/Foundation/Console/Kernel.php(198): Symfony/Component/Console/Application->run(Object(Symfony/Component/Console/Input/ArgvInput), Object(Symfony/Component/Console/Output/ConsoleOutput))
#45 G:/ilbc-management-system_7/vendor/laravel/framework/src/Illuminate/Foundation/Application.php(1235): Illuminate/Foundation/Console/Kernel->handle(Object(Symfony/Component/Console/Input/ArgvInput), Object(Symfony/Component/Console/Output/ConsoleOutput))
#46 G:/ilbc-management-system_7/artisan(16): Illuminate/Foundation/Application->handleCommand(Object(Symfony/Component/Console/Input/ArgvInput))
#47 {main}

[previous exception] [object] (PDOException(code: 42S02): SQLSTATE[42S02]: Base table or view not found: 1146 Table 'ilbc_management.salespeople' doesn't exist at G:/ilbc-management-system_7/vendor/laravel/framework/src/Illuminate/Database/Connection.php:407)
[stacktrace]
#0 G:/ilbc-management-system_7/vendor/laravel/framework/src/Illuminate/Database/Connection.php(407): PDO->prepare('select * from `...')
#1 G:/ilbc-management-system_7/vendor/laravel/framework/src/Illuminate/Database/Connection.php(812): Illuminate/Database/Connection->Illuminate/Database/{closure}('select * from `...', Array)
#2 G:/ilbc-management-system_7/vendor/laravel/framework/src/Illuminate/Database/Connection.php(779): Illuminate/Database/Connection->runQueryCallback('select * from `...', Array, Object(Closure))
#3 G:/ilbc-management-system_7/vendor/laravel/framework/src/Illuminate/Database/Connection.php(398): Illuminate/Database/Connection->run('select * from `...', Array, Object(Closure))
#4 G:/ilbc-management-system_7/vendor/laravel/framework/src/Illuminate/Database/Query/Builder.php(3106): Illuminate/Database/Connection->select('select * from `...', Array, true)
#5 G:/ilbc-management-system_7/vendor/laravel/framework/src/Illuminate/Database/Query/Builder.php(3091): Illuminate/Database/Query/Builder->runSelect()
#6 G:/ilbc-management-system_7/vendor/laravel/framework/src/Illuminate/Database/Query/Builder.php(3676): Illuminate/Database/Query/Builder->Illuminate/Database/Query/{closure}()
#7 G:/ilbc-management-system_7/vendor/laravel/framework/src/Illuminate/Database/Query/Builder.php(3090): Illuminate/Database/Query/Builder->onceWithColumns(Array, Object(Closure))
#8 G:/ilbc-management-system_7/vendor/laravel/framework/src/Illuminate/Database/Eloquent/Builder.php(811): Illuminate/Database/Query/Builder->get(Array)
#9 G:/ilbc-management-system_7/vendor/laravel/framework/src/Illuminate/Database/Eloquent/Builder.php(793): Illuminate/Database/Eloquent/Builder->getModels(Array)
#10 G:/ilbc-management-system_7/vendor/laravel/framework/src/Illuminate/Database/Concerns/BuildsQueries.php(343): Illuminate/Database/Eloquent/Builder->get(Array)
#11 G:/ilbc-management-system_7/vendor/laravel/framework/src/Illuminate/Database/Eloquent/Builder.php(617): Illuminate/Database/Eloquent/Builder->first()
#12 G:/ilbc-management-system_7/vendor/laravel/framework/src/Illuminate/Support/Traits/ForwardsCalls.php(23): Illuminate/Database/Eloquent/Builder->firstOrCreate(Array, Array)
#13 G:/ilbc-management-system_7/vendor/laravel/framework/src/Illuminate/Database/Eloquent/Model.php(2372): Illuminate/Database/Eloquent/Model->forwardCallTo(Object(Illuminate/Database/Eloquent/Builder), 'firstOrCreate', Array)
#14 G:/ilbc-management-system_7/vendor/laravel/framework/src/Illuminate/Database/Eloquent/Model.php(2384): Illuminate/Database/Eloquent/Model->__call('firstOrCreate', Array)
#15 G:/ilbc-management-system_7/database/seeders/DemoDataSeeder.php(54): Illuminate/Database/Eloquent/Model::__callStatic('firstOrCreate', Array)
#16 G:/ilbc-management-system_7/vendor/laravel/framework/src/Illuminate/Container/BoundMethod.php(36): Database/Seeders/DemoDataSeeder->run()
#17 G:/ilbc-management-system_7/vendor/laravel/framework/src/Illuminate/Container/Util.php(43): Illuminate/Container/BoundMethod::Illuminate/Container/{closure}()
#18 G:/ilbc-management-system_7/vendor/laravel/framework/src/Illuminate/Container/BoundMethod.php(95): Illuminate/Container/Util::unwrapIfClosure(Object(Closure))
#19 G:/ilbc-management-system_7/vendor/laravel/framework/src/Illuminate/Container/BoundMethod.php(35): Illuminate/Container/BoundMethod::callBoundMethod(Object(Illuminate/Foundation/Application), Array, Object(Closure))
#20 G:/ilbc-management-system_7/vendor/laravel/framework/src/Illuminate/Container/Container.php(696): Illuminate/Container/BoundMethod::call(Object(Illuminate/Foundation/Application), Array, Array, NULL)
#21 G:/ilbc-management-system_7/vendor/laravel/framework/src/Illuminate/Database/Seeder.php(188): Illuminate/Container/Container->call(Array, Array)
#22 G:/ilbc-management-system_7/vendor/laravel/framework/src/Illuminate/Database/Seeder.php(197): Illuminate/Database/Seeder->Illuminate/Database/{closure}()
#23 G:/ilbc-management-system_7/vendor/laravel/framework/src/Illuminate/Database/Seeder.php(61): Illuminate/Database/Seeder->__invoke(Array)
#24 G:/ilbc-management-system_7/database/seeders/DatabaseSeeder.php(25): Illuminate/Database/Seeder->call('Database//Seeder...')
#25 G:/ilbc-management-system_7/vendor/laravel/framework/src/Illuminate/Container/BoundMethod.php(36): Database/Seeders/DatabaseSeeder->run()
#26 G:/ilbc-management-system_7/vendor/laravel/framework/src/Illuminate/Container/Util.php(43): Illuminate/Container/BoundMethod::Illuminate/Container/{closure}()
#27 G:/ilbc-management-system_7/vendor/laravel/framework/src/Illuminate/Container/BoundMethod.php(95): Illuminate/Container/Util::unwrapIfClosure(Object(Closure))
#28 G:/ilbc-management-system_7/vendor/laravel/framework/src/Illuminate/Container/BoundMethod.php(35): Illuminate/Container/BoundMethod::callBoundMethod(Object(Illuminate/Foundation/Application), Array, Object(Closure))
#29 G:/ilbc-management-system_7/vendor/laravel/framework/src/Illuminate/Container/Container.php(696): Illuminate/Container/BoundMethod::call(Object(Illuminate/Foundation/Application), Array, Array, NULL)
#30 G:/ilbc-management-system_7/vendor/laravel/framework/src/Illuminate/Database/Seeder.php(188): Illuminate/Container/Container->call(Array, Array)
#31 G:/ilbc-management-system_7/vendor/laravel/framework/src/Illuminate/Database/Seeder.php(197): Illuminate/Database/Seeder->Illuminate/Database/{closure}()
#32 G:/ilbc-management-system_7/vendor/laravel/framework/src/Illuminate/Database/Console/Seeds/SeedCommand.php(70): Illuminate/Database/Seeder->__invoke()
#33 G:/ilbc-management-system_7/vendor/laravel/framework/src/Illuminate/Database/Eloquent/Concerns/GuardsAttributes.php(155): Illuminate/Database/Console/Seeds/SeedCommand->Illuminate/Database/Console/Seeds/{closure}()
#34 G:/ilbc-management-system_7/vendor/laravel/framework/src/Illuminate/Database/Console/Seeds/SeedCommand.php(69): Illuminate/Database/Eloquent/Model::unguarded(Object(Closure))
#35 G:/ilbc-management-system_7/vendor/laravel/framework/src/Illuminate/Container/BoundMethod.php(36): Illuminate/Database/Console/Seeds/SeedCommand->handle()
#36 G:/ilbc-management-system_7/vendor/laravel/framework/src/Illuminate/Container/Util.php(43): Illuminate/Container/BoundMethod::Illuminate/Container/{closure}()
#37 G:/ilbc-management-system_7/vendor/laravel/framework/src/Illuminate/Container/BoundMethod.php(95): Illuminate/Container/Util::unwrapIfClosure(Object(Closure))
#38 G:/ilbc-management-system_7/vendor/laravel/framework/src/Illuminate/Container/BoundMethod.php(35): Illuminate/Container/BoundMethod::callBoundMethod(Object(Illuminate/Foundation/Application), Array, Object(Closure))
#39 G:/ilbc-management-system_7/vendor/laravel/framework/src/Illuminate/Container/Container.php(696): Illuminate/Container/BoundMethod::call(Object(Illuminate/Foundation/Application), Array, Array, NULL)
#40 G:/ilbc-management-system_7/vendor/laravel/framework/src/Illuminate/Console/Command.php(213): Illuminate/Container/Container->call(Array)
#41 G:/ilbc-management-system_7/vendor/symfony/console/Command/Command.php(341): Illuminate/Console/Command->execute(Object(Symfony/Component/Console/Input/ArgvInput), Object(Illuminate/Console/OutputStyle))
#42 G:/ilbc-management-system_7/vendor/laravel/framework/src/Illuminate/Console/Command.php(182): Symfony/Component/Console/Command/Command->run(Object(Symfony/Component/Console/Input/ArgvInput), Object(Illuminate/Console/OutputStyle))
#43 G:/ilbc-management-system_7/vendor/symfony/console/Application.php(1117): Illuminate/Console/Command->run(Object(Symfony/Component/Console/Input/ArgvInput), Object(Symfony/Component/Console/Output/ConsoleOutput))
#44 G:/ilbc-management-system_7/vendor/symfony/console/Application.php(356): Symfony/Component/Console/Application->doRunCommand(Object(Illuminate/Database/Console/Seeds/SeedCommand), Object(Symfony/Component/Console/Input/ArgvInput), Object(Symfony/Component/Console/Output/ConsoleOutput))
#45 G:/ilbc-management-system_7/vendor/symfony/console/Application.php(195): Symfony/Component/Console/Application->doRun(Object(Symfony/Component/Console/Input/ArgvInput), Object(Symfony/Component/Console/Output/ConsoleOutput))
#46 G:/ilbc-management-system_7/vendor/laravel/framework/src/Illuminate/Foundation/Console/Kernel.php(198): Symfony/Component/Console/Application->run(Object(Symfony/Component/Console/Input/ArgvInput), Object(Symfony/Component/Console/Output/ConsoleOutput))
#47 G:/ilbc-management-system_7/vendor/laravel/framework/src/Illuminate/Foundation/Application.php(1235): Illuminate/Foundation/Console/Kernel->handle(Object(Symfony/Component/Console/Input/ArgvInput), Object(Symfony/Component/Console/Output/ConsoleOutput))
#48 G:/ilbc-management-system_7/artisan(16): Illuminate/Foundation/Application->handleCommand(Object(Symfony/Component/Console/Input/ArgvInput))
#49 {main}
"} 
